DROP TABLE DEV.ORD_TEMP PURGE;
CREATE TABLE DEV.ORD_TEMP (
    ORD_DT              VARCHAR2(8),
    ORD_HMS             VARCHAR2(6),
    SHOP_NO           VARCHAR2(10),
    UPPER2              VARCHAR2(10),
    UPPER_CASE          VARCHAR2(10),
    LOWER_CASE          VARCHAR2(10),
    ALPHABET            VARCHAR2(400),
    ALPHABET_NUMERIC    VARCHAR2(400)
);

ALTER TABLE DEV.ORD_TEMP NOLOGGING;

DROP TABLE DEV.ORD PURGE;
CREATE TABLE DEV.ORD (
    ORD_NO              NUMBER(10),
    ORD_DT              VARCHAR2(8),
    ORD_HMS             VARCHAR2(6),
    SHOP_NO           VARCHAR2(10),
    UPPER2              VARCHAR2(2),
    UPPER_CASE          VARCHAR2(10),
    LOWER_CASE          VARCHAR2(10),
    ALPHABET            VARCHAR2(400),
    ALPHABET_NUMERIC    VARCHAR2(400)
);

ALTER TABLE DEV.ORD NOLOGGING;

DROP TABLE DEV.ORD_ITEM PURGE;
CREATE TABLE DEV.ORD_ITEM (
    ORD_NO              NUMBER(10),
    ITEM_ID             NUMBER(10),
    ORD_ITEM_QTY        NUMBER(4),
    ORD_DT              VARCHAR2(8),
    ORD_HMS             VARCHAR2(6),
    UPPER2              VARCHAR2(2),
    UPPER_CASE          VARCHAR2(10),
    LOWER_CASE          VARCHAR2(10),
    ALPHABET            VARCHAR2(400),
    ALPHABET_NUMERIC    VARCHAR2(400)
);

ALTER TABLE DEV.ORD_ITEM NOLOGGING;

DROP TABLE DEV.ITEM PURGE;
CREATE TABLE DEV.ITEM (
    ITEM_ID      NUMBER(10),
    ITEM_NM      VARCHAR2(100),
    ITEM_TYPE_CD VARCHAR2(6),
    SALE_YN      VARCHAR2(1),
    ITEM_DESC    VARCHAR2(500),
    REG_ID       VARCHAR2(20),
    REG_DTS      DATE,
    MOD_ID       VARCHAR2(20),
    MOD_DTS      DATE
);


ALTER TABLE DEV.ITEM ADD CONSTRAINT ITEM_PK PRIMARY KEY (ITEM_ID);


DROP TABLE DEV.UITEM PURGE;
CREATE TABLE DEV.UITEM (
    ITEM_ID         NUMBER(10),
    UITEM_ID        NUMBER(12),
    UITEM_NM        VARCHAR2(100),
    SALE_YN         VARCHAR2(1),
    UITEM_DESC      VARCHAR2(500),
    REG_ID          VARCHAR2(20),
    REG_DTS         DATE,
    MOD_ID          VARCHAR2(20),
    MOD_DTS         DATE
);


ALTER TABLE DEV.UITEM ADD CONSTRAINT UITEM_PK PRIMARY KEY (ITEM_ID, UITEM_ID);


DROP TABLE DEV.UITEM_PRICE PURGE;
CREATE TABLE DEV.UITEM_PRICE (
    ITEM_ID         NUMBER(10),
    UITEM_ID        NUMBER(12),
    APPLY_DT        VARCHAR2(8),
    SALE_PRICE      NUMBER(10),
    DISCOUNT_PRICE  NUMBER(10),
    COST_PRICE      NUMBER(10),
    REG_ID          VARCHAR2(20),
    REG_DTS         DATE,
    MOD_ID          VARCHAR2(20),
    MOD_DTS         DATE
);

ALTER TABLE DEV.UITEM_PRICE ADD CONSTRAINT UITEM_PRICE_PK PRIMARY KEY (ITEM_ID, UITEM_ID, APPLY_DT);


DROP TABLE DEV.SHOP PURGE;
CREATE TABLE DEV.SHOP (
    SHOP_NO         VARCHAR2(10)
  , SHOP_NM         VARCHAR2(100)
  , ADDR            VARCHAR2(500)
  , TEL             VARCHAR2(20)
  , REG_ID          VARCHAR2(20)
  , REG_DTS         DATE
  , MOD_ID          VARCHAR2(20)
  , MOD_DTS         DATE
);

ALTER TABLE DEV.SHOP ADD CONSTRAINT SHOP_PK PRIMARY KEY (SHOP_NO);


DROP TABLE DEV.COM_CD PURGE;
CREATE TABLE DEV.COM_CD (
    UNI_CD        VARCHAR2(6)
  , UNI_CD_NM     VARCHAR2(100)
  , CL_UNI_CD     VARCHAR2(6)
  , SEQ           NUMBER(3)
  , CD_DESC       VARCHAR2(500)
  , REG_ID        VARCHAR2(20)
  , REG_DTS       DATE
  , MOD_ID        VARCHAR2(20)
  , MOD_DTS       DATE
);

ALTER TABLE DEV.COM_CD ADD CONSTRAINT COM_CD_PK PRIMARY KEY (UNI_CD);


INSERT INTO DEV.ITEM (ITEM_ID,ITEM_NM,ITEM_TYPE_CD,SALE_YN,ITEM_DESC,REG_ID,REG_DTS,MOD_ID,MOD_DTS) VALUES ( 1,' ѿ Ұ     ','100100','Y',' ѿ Ұ     ','system',SYSDATE,'system',SYSDATE);
INSERT INTO DEV.ITEM (ITEM_ID,ITEM_NM,ITEM_TYPE_CD,SALE_YN,ITEM_DESC,REG_ID,REG_DTS,MOD_ID,MOD_DTS) VALUES ( 2,'       ','100100','Y','       ','system',SYSDATE,'system',SYSDATE);
INSERT INTO DEV.ITEM (ITEM_ID,ITEM_NM,ITEM_TYPE_CD,SALE_YN,ITEM_DESC,REG_ID,REG_DTS,MOD_ID,MOD_DTS) VALUES ( 3,'     Ǿ ġ     ','100100','Y','     Ǿ ġ     ','system',SYSDATE,'system',SYSDATE);
INSERT INTO DEV.ITEM (ITEM_ID,ITEM_NM,ITEM_TYPE_CD,SALE_YN,ITEM_DESC,REG_ID,REG_DTS,MOD_ID,MOD_DTS) VALUES ( 4,'   ϵ彬        ','100100','Y','   ϵ彬        ','system',SYSDATE,'system',SYSDATE);
INSERT INTO DEV.ITEM (ITEM_ID,ITEM_NM,ITEM_TYPE_CD,SALE_YN,ITEM_DESC,REG_ID,REG_DTS,MOD_ID,MOD_DTS) VALUES ( 5,'        ','100100','Y','        ','system',SYSDATE,'system',SYSDATE);
INSERT INTO DEV.ITEM (ITEM_ID,ITEM_NM,ITEM_TYPE_CD,SALE_YN,ITEM_DESC,REG_ID,REG_DTS,MOD_ID,MOD_DTS) VALUES ( 6,'  ũ     ǹ   ','100100','Y','  ũ     ǹ   ','system',SYSDATE,'system',SYSDATE);
INSERT INTO DEV.ITEM (ITEM_ID,ITEM_NM,ITEM_TYPE_CD,SALE_YN,ITEM_DESC,REG_ID,REG_DTS,MOD_ID,MOD_DTS) VALUES ( 7,' ٴ  ׸ ġŲ    ','100100','Y',' ٴ  ׸ ġŲ    ','system',SYSDATE,'system',SYSDATE);
INSERT INTO DEV.ITEM (ITEM_ID,ITEM_NM,ITEM_TYPE_CD,SALE_YN,ITEM_DESC,REG_ID,REG_DTS,MOD_ID,MOD_DTS) VALUES ( 8,' Ұ      ','100100','Y',' Ұ      ','system',SYSDATE,'system',SYSDATE);
INSERT INTO DEV.ITEM (ITEM_ID,ITEM_NM,ITEM_TYPE_CD,SALE_YN,ITEM_DESC,REG_ID,REG_DTS,MOD_ID,MOD_DTS) VALUES ( 9,'  ä   ̽  Ұ  ','100100','Y','  ä   ̽  Ұ  ','system',SYSDATE,'system',SYSDATE);
INSERT INTO DEV.ITEM (ITEM_ID,ITEM_NM,ITEM_TYPE_CD,SALE_YN,ITEM_DESC,REG_ID,REG_DTS,MOD_ID,MOD_DTS) VALUES ( 10,' Ұ     ','100100','Y',' Ұ     ','system',SYSDATE,'system',SYSDATE);
INSERT INTO DEV.ITEM (ITEM_ID,ITEM_NM,ITEM_TYPE_CD,SALE_YN,ITEM_DESC,REG_ID,REG_DTS,MOD_ID,MOD_DTS) VALUES ( 11,'       ','100100','Y','       ','system',SYSDATE,'system',SYSDATE);
INSERT INTO DEV.ITEM (ITEM_ID,ITEM_NM,ITEM_TYPE_CD,SALE_YN,ITEM_DESC,REG_ID,REG_DTS,MOD_ID,MOD_DTS) VALUES ( 12,'ġŲ    ','100100','Y','ġŲ    ','system',SYSDATE,'system',SYSDATE);
INSERT INTO DEV.ITEM (ITEM_ID,ITEM_NM,ITEM_TYPE_CD,SALE_YN,ITEM_DESC,REG_ID,REG_DTS,MOD_ID,MOD_DTS) VALUES ( 13,'ġ     ','100100','Y','ġ     ','system',SYSDATE,'system',SYSDATE);
INSERT INTO DEV.ITEM (ITEM_ID,ITEM_NM,ITEM_TYPE_CD,SALE_YN,ITEM_DESC,REG_ID,REG_DTS,MOD_ID,MOD_DTS) VALUES ( 14,'        ','100100','Y','        ','system',SYSDATE,'system',SYSDATE);
INSERT INTO DEV.ITEM (ITEM_ID,ITEM_NM,ITEM_TYPE_CD,SALE_YN,ITEM_DESC,REG_ID,REG_DTS,MOD_ID,MOD_DTS) VALUES ( 15,'  Ʈ           ','100100','Y','  Ʈ           ','system',SYSDATE,'system',SYSDATE);
INSERT INTO DEV.ITEM (ITEM_ID,ITEM_NM,ITEM_TYPE_CD,SALE_YN,ITEM_DESC,REG_ID,REG_DTS,MOD_ID,MOD_DTS) VALUES ( 16,'  ũĿƲ      ','100100','Y','  ũĿƲ      ','system',SYSDATE,'system',SYSDATE);
INSERT INTO DEV.ITEM (ITEM_ID,ITEM_NM,ITEM_TYPE_CD,SALE_YN,ITEM_DESC,REG_ID,REG_DTS,MOD_ID,MOD_DTS) VALUES ( 17,'  ¡     ','100100','Y','  ¡     ','system',SYSDATE,'system',SYSDATE);
INSERT INTO DEV.ITEM (ITEM_ID,ITEM_NM,ITEM_TYPE_CD,SALE_YN,ITEM_DESC,REG_ID,REG_DTS,MOD_ID,MOD_DTS) VALUES ( 84,'   ̾ Ʈ       ','100100','Y','   ̾ Ʈ       ','system',SYSDATE,'system',SYSDATE);

INSERT INTO DEV.ITEM (ITEM_ID,ITEM_NM,ITEM_TYPE_CD,SALE_YN,ITEM_DESC,REG_ID,REG_DTS,MOD_ID,MOD_DTS) VALUES ( 18,'ġŲ ٷ (2    )','100102','Y','ġŲ ٷ (2    )','system',SYSDATE,'system',SYSDATE);
INSERT INTO DEV.ITEM (ITEM_ID,ITEM_NM,ITEM_TYPE_CD,SALE_YN,ITEM_DESC,REG_ID,REG_DTS,MOD_ID,MOD_DTS) VALUES ( 19,'ġŲ1    ','100102','Y','ġŲ1    ','system',SYSDATE,'system',SYSDATE);
INSERT INTO DEV.ITEM (ITEM_ID,ITEM_NM,ITEM_TYPE_CD,SALE_YN,ITEM_DESC,REG_ID,REG_DTS,MOD_ID,MOD_DTS) VALUES ( 20,'ȭ ̾   (2    )','100102','Y','ȭ ̾   (2    )','system',SYSDATE,'system',SYSDATE);
INSERT INTO DEV.ITEM (ITEM_ID,ITEM_NM,ITEM_TYPE_CD,SALE_YN,ITEM_DESC,REG_ID,REG_DTS,MOD_ID,MOD_DTS) VALUES ( 21,'ġŲ ٷ (4    )','100102','Y','ġŲ ٷ (4    )','system',SYSDATE,'system',SYSDATE);
INSERT INTO DEV.ITEM (ITEM_ID,ITEM_NM,ITEM_TYPE_CD,SALE_YN,ITEM_DESC,REG_ID,REG_DTS,MOD_ID,MOD_DTS) VALUES ( 22,'ȭ ̾   (4    )','100102','Y','ȭ ̾   (4    )','system',SYSDATE,'system',SYSDATE);
INSERT INTO DEV.ITEM (ITEM_ID,ITEM_NM,ITEM_TYPE_CD,SALE_YN,ITEM_DESC,REG_ID,REG_DTS,MOD_ID,MOD_DTS) VALUES ( 23,'    ġŲ(  Ͼ )','100102','Y','    ġŲ(  Ͼ )','system',SYSDATE,'system',SYSDATE);
INSERT INTO DEV.ITEM (ITEM_ID,ITEM_NM,ITEM_TYPE_CD,SALE_YN,ITEM_DESC,REG_ID,REG_DTS,MOD_ID,MOD_DTS) VALUES ( 24,'    ġŲ(ġ  )','100102','Y','    ġŲ(ġ  )','system',SYSDATE,'system',SYSDATE);
INSERT INTO DEV.ITEM (ITEM_ID,ITEM_NM,ITEM_TYPE_CD,SALE_YN,ITEM_DESC,REG_ID,REG_DTS,MOD_ID,MOD_DTS) VALUES ( 25,'    ġŲ(ĥ  )','100102','Y','    ġŲ(ĥ  )','system',SYSDATE,'system',SYSDATE);

INSERT INTO DEV.ITEM (ITEM_ID,ITEM_NM,ITEM_TYPE_CD,SALE_YN,ITEM_DESC,REG_ID,REG_DTS,MOD_ID,MOD_DTS) VALUES ( 26,'ȫ Գʰ ','100103','Y','ȫ Գʰ ','system',SYSDATE,'system',SYSDATE);
INSERT INTO DEV.ITEM (ITEM_ID,ITEM_NM,ITEM_TYPE_CD,SALE_YN,ITEM_DESC,REG_ID,REG_DTS,MOD_ID,MOD_DTS) VALUES ( 27,'  ¡ ','100103','Y','  ¡ ','system',SYSDATE,'system',SYSDATE);
INSERT INTO DEV.ITEM (ITEM_ID,ITEM_NM,ITEM_TYPE_CD,SALE_YN,ITEM_DESC,REG_ID,REG_DTS,MOD_ID,MOD_DTS) VALUES ( 28,'ũ  ġ    ','100103','Y','ũ  ġ    ','system',SYSDATE,'system',SYSDATE);
INSERT INTO DEV.ITEM (ITEM_ID,ITEM_NM,ITEM_TYPE_CD,SALE_YN,ITEM_DESC,REG_ID,REG_DTS,MOD_ID,MOD_DTS) VALUES ( 29,'    ( ÷   )','100103','Y','    ( ÷   )','system',SYSDATE,'system',SYSDATE);
INSERT INTO DEV.ITEM (ITEM_ID,ITEM_NM,ITEM_TYPE_CD,SALE_YN,ITEM_DESC,REG_ID,REG_DTS,MOD_ID,MOD_DTS) VALUES ( 30,'    (  Ʈ κ   )','100103','Y','    (  Ʈ κ   )','system',SYSDATE,'system',SYSDATE);
INSERT INTO DEV.ITEM (ITEM_ID,ITEM_NM,ITEM_TYPE_CD,SALE_YN,ITEM_DESC,REG_ID,REG_DTS,MOD_ID,MOD_DTS) VALUES ( 31,'    (  纣  )','100103','Y','    (  纣  )','system',SYSDATE,'system',SYSDATE);
INSERT INTO DEV.ITEM (ITEM_ID,ITEM_NM,ITEM_TYPE_CD,SALE_YN,ITEM_DESC,REG_ID,REG_DTS,MOD_ID,MOD_DTS) VALUES ( 32,'  䰨  ','100103','Y','  䰨  ','system',SYSDATE,'system',SYSDATE);
INSERT INTO DEV.ITEM (ITEM_ID,ITEM_NM,ITEM_TYPE_CD,SALE_YN,ITEM_DESC,REG_ID,REG_DTS,MOD_ID,MOD_DTS) VALUES ( 33,'   ߷ ġ ƽ','100103','Y','   ߷ ġ ƽ','system',SYSDATE,'system',SYSDATE);
INSERT INTO DEV.ITEM (ITEM_ID,ITEM_NM,ITEM_TYPE_CD,SALE_YN,ITEM_DESC,REG_ID,REG_DTS,MOD_ID,MOD_DTS) VALUES ( 34,'        ','100103','Y','        ','system',SYSDATE,'system',SYSDATE);
INSERT INTO DEV.ITEM (ITEM_ID,ITEM_NM,ITEM_TYPE_CD,SALE_YN,ITEM_DESC,REG_ID,REG_DTS,MOD_ID,MOD_DTS) VALUES ( 47,' ܻ     ','100103','Y',' ܻ     ','system',SYSDATE,'system',SYSDATE);
INSERT INTO DEV.ITEM (ITEM_ID,ITEM_NM,ITEM_TYPE_CD,SALE_YN,ITEM_DESC,REG_ID,REG_DTS,MOD_ID,MOD_DTS) VALUES ( 48,'   Ͼ ','100103','Y','   Ͼ ','system',SYSDATE,'system',SYSDATE);
INSERT INTO DEV.ITEM (ITEM_ID,ITEM_NM,ITEM_TYPE_CD,SALE_YN,ITEM_DESC,REG_ID,REG_DTS,MOD_ID,MOD_DTS) VALUES ( 74,'ġ ƽ','100103','Y','ġ ƽ','system',SYSDATE,'system',SYSDATE);

INSERT INTO DEV.ITEM (ITEM_ID,ITEM_NM,ITEM_TYPE_CD,SALE_YN,ITEM_DESC,REG_ID,REG_DTS,MOD_ID,MOD_DTS) VALUES ( 35,'    Ʈ  ','100104','Y','    Ʈ  ','system',SYSDATE,'system',SYSDATE);
INSERT INTO DEV.ITEM (ITEM_ID,ITEM_NM,ITEM_TYPE_CD,SALE_YN,ITEM_DESC,REG_ID,REG_DTS,MOD_ID,MOD_DTS) VALUES ( 36,'       Ʈ  ','100104','Y','       Ʈ  ','system',SYSDATE,'system',SYSDATE);
INSERT INTO DEV.ITEM (ITEM_ID,ITEM_NM,ITEM_TYPE_CD,SALE_YN,ITEM_DESC,REG_ID,REG_DTS,MOD_ID,MOD_DTS) VALUES ( 37,'    ̵ (      )','100104','Y','    ̵ (      )','system',SYSDATE,'system',SYSDATE);
INSERT INTO DEV.ITEM (ITEM_ID,ITEM_NM,ITEM_TYPE_CD,SALE_YN,ITEM_DESC,REG_ID,REG_DTS,MOD_ID,MOD_DTS) VALUES ( 38,'    ̵ (      Ű)','100104','Y','    ̵ (      Ű)','system',SYSDATE,'system',SYSDATE);
INSERT INTO DEV.ITEM (ITEM_ID,ITEM_NM,ITEM_TYPE_CD,SALE_YN,ITEM_DESC,REG_ID,REG_DTS,MOD_ID,MOD_DTS) VALUES ( 39,'    ̵ (    )','100104','Y','    ̵ (    )','system',SYSDATE,'system',SYSDATE);
INSERT INTO DEV.ITEM (ITEM_ID,ITEM_NM,ITEM_TYPE_CD,SALE_YN,ITEM_DESC,REG_ID,REG_DTS,MOD_ID,MOD_DTS) VALUES ( 40,'    ̵ (   丮    )','100104','Y','    ̵ (   丮    )','system',SYSDATE,'system',SYSDATE);
INSERT INTO DEV.ITEM (ITEM_ID,ITEM_NM,ITEM_TYPE_CD,SALE_YN,ITEM_DESC,REG_ID,REG_DTS,MOD_ID,MOD_DTS) VALUES ( 41,'    ̵ (      )','100104','Y','    ̵ (      )','system',SYSDATE,'system',SYSDATE);
INSERT INTO DEV.ITEM (ITEM_ID,ITEM_NM,ITEM_TYPE_CD,SALE_YN,ITEM_DESC,REG_ID,REG_DTS,MOD_ID,MOD_DTS) VALUES ( 42,'Ʈ    Į    ','100104','Y','Ʈ    Į    ','system',SYSDATE,'system',SYSDATE);
INSERT INTO DEV.ITEM (ITEM_ID,ITEM_NM,ITEM_TYPE_CD,SALE_YN,ITEM_DESC,REG_ID,REG_DTS,MOD_ID,MOD_DTS) VALUES ( 43,' Ϻ   ','100104','Y',' Ϻ   ','system',SYSDATE,'system',SYSDATE);
INSERT INTO DEV.ITEM (ITEM_ID,ITEM_NM,ITEM_TYPE_CD,SALE_YN,ITEM_DESC,REG_ID,REG_DTS,MOD_ID,MOD_DTS) VALUES ( 44,' ׸       (    ġŲ4       ΰ   )','100104','Y',' ׸       (    ġŲ4       ΰ   )','system',SYSDATE,'system',SYSDATE);
INSERT INTO DEV.ITEM (ITEM_ID,ITEM_NM,ITEM_TYPE_CD,SALE_YN,ITEM_DESC,REG_ID,REG_DTS,MOD_ID,MOD_DTS) VALUES ( 45,'     ̾  ̽ ũ  (      )','100104','Y','     ̾  ̽ ũ  (      )','system',SYSDATE,'system',SYSDATE);
INSERT INTO DEV.ITEM (ITEM_ID,ITEM_NM,ITEM_TYPE_CD,SALE_YN,ITEM_DESC,REG_ID,REG_DTS,MOD_ID,MOD_DTS) VALUES ( 46,'     ̾  ̽ ũ  (  Ʈ κ   )','100104','Y','     ̾  ̽ ũ  (  Ʈ κ   )','system',SYSDATE,'system',SYSDATE);

INSERT INTO DEV.ITEM (ITEM_ID,ITEM_NM,ITEM_TYPE_CD,SALE_YN,ITEM_DESC,REG_ID,REG_DTS,MOD_ID,MOD_DTS) VALUES ( 49,'   ̽  Ƹ޸ ī  S','100105','Y','   ̽  Ƹ޸ ī  S','system',SYSDATE,'system',SYSDATE);
INSERT INTO DEV.ITEM (ITEM_ID,ITEM_NM,ITEM_TYPE_CD,SALE_YN,ITEM_DESC,REG_ID,REG_DTS,MOD_ID,MOD_DTS) VALUES ( 50,'   ̽ ƼS(     Ƹ )','100105','Y','   ̽ ƼS(     Ƹ )','system',SYSDATE,'system',SYSDATE);
INSERT INTO DEV.ITEM (ITEM_ID,ITEM_NM,ITEM_TYPE_CD,SALE_YN,ITEM_DESC,REG_ID,REG_DTS,MOD_ID,MOD_DTS) VALUES ( 51,' ݶ S','100105','Y',' ݶ S','system',SYSDATE,'system',SYSDATE);
INSERT INTO DEV.ITEM (ITEM_ID,ITEM_NM,ITEM_TYPE_CD,SALE_YN,ITEM_DESC,REG_ID,REG_DTS,MOD_ID,MOD_DTS) VALUES ( 52,'  Ƽ','100105','Y','  Ƽ','system',SYSDATE,'system',SYSDATE);
INSERT INTO DEV.ITEM (ITEM_ID,ITEM_NM,ITEM_TYPE_CD,SALE_YN,ITEM_DESC,REG_ID,REG_DTS,MOD_ID,MOD_DTS) VALUES ( 53,'      ','100105','Y','      ','system',SYSDATE,'system',SYSDATE);
INSERT INTO DEV.ITEM (ITEM_ID,ITEM_NM,ITEM_TYPE_CD,SALE_YN,ITEM_DESC,REG_ID,REG_DTS,MOD_ID,MOD_DTS) VALUES ( 54,'ī  Ḷ   ƶ ','100105','Y','ī  Ḷ   ƶ ','system',SYSDATE,'system',SYSDATE);
INSERT INTO DEV.ITEM (ITEM_ID,ITEM_NM,ITEM_TYPE_CD,SALE_YN,ITEM_DESC,REG_ID,REG_DTS,MOD_ID,MOD_DTS) VALUES ( 55,'ī   ī','100105','Y','ī   ī','system',SYSDATE,'system',SYSDATE);
INSERT INTO DEV.ITEM (ITEM_ID,ITEM_NM,ITEM_TYPE_CD,SALE_YN,ITEM_DESC,REG_ID,REG_DTS,MOD_ID,MOD_DTS) VALUES ( 56,'     ̵ ','100105','Y','     ̵ ','system',SYSDATE,'system',SYSDATE);
INSERT INTO DEV.ITEM (ITEM_ID,ITEM_NM,ITEM_TYPE_CD,SALE_YN,ITEM_DESC,REG_ID,REG_DTS,MOD_ID,MOD_DTS) VALUES ( 57,'    ֽ ','100105','Y','    ֽ ','system',SYSDATE,'system',SYSDATE);
INSERT INTO DEV.ITEM (ITEM_ID,ITEM_NM,ITEM_TYPE_CD,SALE_YN,ITEM_DESC,REG_ID,REG_DTS,MOD_ID,MOD_DTS) VALUES ( 58,'   ̽ ī   ','100105','Y','   ̽ ī   ','system',SYSDATE,'system',SYSDATE);
INSERT INTO DEV.ITEM (ITEM_ID,ITEM_NM,ITEM_TYPE_CD,SALE_YN,ITEM_DESC,REG_ID,REG_DTS,MOD_ID,MOD_DTS) VALUES ( 59,'ī   ','100105','Y','ī   ','system',SYSDATE,'system',SYSDATE);
INSERT INTO DEV.ITEM (ITEM_ID,ITEM_NM,ITEM_TYPE_CD,SALE_YN,ITEM_DESC,REG_ID,REG_DTS,MOD_ID,MOD_DTS) VALUES ( 60,'īǪġ  ','100105','Y','īǪġ  ','system',SYSDATE,'system',SYSDATE);
INSERT INTO DEV.ITEM (ITEM_ID,ITEM_NM,ITEM_TYPE_CD,SALE_YN,ITEM_DESC,REG_ID,REG_DTS,MOD_ID,MOD_DTS) VALUES ( 61,'   ̽  Ƹ޸ ī  ','100105','Y','   ̽  Ƹ޸ ī  ','system',SYSDATE,'system',SYSDATE);
INSERT INTO DEV.ITEM (ITEM_ID,ITEM_NM,ITEM_TYPE_CD,SALE_YN,ITEM_DESC,REG_ID,REG_DTS,MOD_ID,MOD_DTS) VALUES ( 62,' Ƹ޸ ī  (T)','100105','Y',' Ƹ޸ ī  (T)','system',SYSDATE,'system',SYSDATE);
INSERT INTO DEV.ITEM (ITEM_ID,ITEM_NM,ITEM_TYPE_CD,SALE_YN,ITEM_DESC,REG_ID,REG_DTS,MOD_ID,MOD_DTS) VALUES ( 63,'       ֽ (R)','100105','Y','       ֽ (R)','system',SYSDATE,'system',SYSDATE);
INSERT INTO DEV.ITEM (ITEM_ID,ITEM_NM,ITEM_TYPE_CD,SALE_YN,ITEM_DESC,REG_ID,REG_DTS,MOD_ID,MOD_DTS) VALUES ( 64,'   ̽ Ƽ(      )','100105','Y','   ̽ Ƽ(      )','system',SYSDATE,'system',SYSDATE);
INSERT INTO DEV.ITEM (ITEM_ID,ITEM_NM,ITEM_TYPE_CD,SALE_YN,ITEM_DESC,REG_ID,REG_DTS,MOD_ID,MOD_DTS) VALUES ( 65,'  ũ    ũ( ٴҶ )','100105','Y','  ũ    ũ( ٴҶ )','system',SYSDATE,'system',SYSDATE);
INSERT INTO DEV.ITEM (ITEM_ID,ITEM_NM,ITEM_TYPE_CD,SALE_YN,ITEM_DESC,REG_ID,REG_DTS,MOD_ID,MOD_DTS) VALUES ( 66,'  ũ    ũ(    )','100105','Y','  ũ    ũ(    )','system',SYSDATE,'system',SYSDATE);
INSERT INTO DEV.ITEM (ITEM_ID,ITEM_NM,ITEM_TYPE_CD,SALE_YN,ITEM_DESC,REG_ID,REG_DTS,MOD_ID,MOD_DTS) VALUES ( 67,'  ũ    ũ(    )','100105','Y','  ũ    ũ(    )','system',SYSDATE,'system',SYSDATE);
INSERT INTO DEV.ITEM (ITEM_ID,ITEM_NM,ITEM_TYPE_CD,SALE_YN,ITEM_DESC,REG_ID,REG_DTS,MOD_ID,MOD_DTS) VALUES ( 68,' ݶ (R)','100105','Y',' ݶ (R)','system',SYSDATE,'system',SYSDATE);
INSERT INTO DEV.ITEM (ITEM_ID,ITEM_NM,ITEM_TYPE_CD,SALE_YN,ITEM_DESC,REG_ID,REG_DTS,MOD_ID,MOD_DTS) VALUES ( 69,'   ̴ (R)','100105','Y','   ̴ (R)','system',SYSDATE,'system',SYSDATE);
INSERT INTO DEV.ITEM (ITEM_ID,ITEM_NM,ITEM_TYPE_CD,SALE_YN,ITEM_DESC,REG_ID,REG_DTS,MOD_ID,MOD_DTS) VALUES ( 70,'    ','100105','Y','    ','system',SYSDATE,'system',SYSDATE);
INSERT INTO DEV.ITEM (ITEM_ID,ITEM_NM,ITEM_TYPE_CD,SALE_YN,ITEM_DESC,REG_ID,REG_DTS,MOD_ID,MOD_DTS) VALUES ( 71,'     ̾     ũ(    )','100105','Y','     ̾     ũ(    )','system',SYSDATE,'system',SYSDATE);
INSERT INTO DEV.ITEM (ITEM_ID,ITEM_NM,ITEM_TYPE_CD,SALE_YN,ITEM_DESC,REG_ID,REG_DTS,MOD_ID,MOD_DTS) VALUES ( 72,'     ̾     ũ(   )','100105','Y','     ̾     ũ(   )','system',SYSDATE,'system',SYSDATE);
INSERT INTO DEV.ITEM (ITEM_ID,ITEM_NM,ITEM_TYPE_CD,SALE_YN,ITEM_DESC,REG_ID,REG_DTS,MOD_ID,MOD_DTS) VALUES ( 73,'     ̾     ũ(       )','100105','Y','     ̾     ũ(       )','system',SYSDATE,'system',SYSDATE);

INSERT INTO DEV.ITEM (ITEM_ID,ITEM_NM,ITEM_TYPE_CD,SALE_YN,ITEM_DESC,REG_ID,REG_DTS,MOD_ID,MOD_DTS) VALUES ( 75,' ѿ쿬   Ѽ Ʈ','100101','Y',' ѿ쿬   Ѽ Ʈ','system',SYSDATE,'system',SYSDATE);
INSERT INTO DEV.ITEM (ITEM_ID,ITEM_NM,ITEM_TYPE_CD,SALE_YN,ITEM_DESC,REG_ID,REG_DTS,MOD_ID,MOD_DTS) VALUES ( 76,' ѿ Ұ ⼼Ʈ','100101','Y',' ѿ Ұ ⼼Ʈ','system',SYSDATE,'system',SYSDATE);
INSERT INTO DEV.ITEM (ITEM_ID,ITEM_NM,ITEM_TYPE_CD,SALE_YN,ITEM_DESC,REG_ID,REG_DTS,MOD_ID,MOD_DTS) VALUES ( 77,'  ä   ̽  Ұ ⼼Ʈ','100101','Y','  ä   ̽  Ұ ⼼Ʈ','system',SYSDATE,'system',SYSDATE);
INSERT INTO DEV.ITEM (ITEM_ID,ITEM_NM,ITEM_TYPE_CD,SALE_YN,ITEM_DESC,REG_ID,REG_DTS,MOD_ID,MOD_DTS) VALUES ( 78,'ġŲ   ż Ʈ','100101','Y','ġŲ   ż Ʈ','system',SYSDATE,'system',SYSDATE);
INSERT INTO DEV.ITEM (ITEM_ID,ITEM_NM,ITEM_TYPE_CD,SALE_YN,ITEM_DESC,REG_ID,REG_DTS,MOD_ID,MOD_DTS) VALUES ( 79,'      Ҽ Ʈ','100101','Y','      Ҽ Ʈ','system',SYSDATE,'system',SYSDATE);
INSERT INTO DEV.ITEM (ITEM_ID,ITEM_NM,ITEM_TYPE_CD,SALE_YN,ITEM_DESC,REG_ID,REG_DTS,MOD_ID,MOD_DTS) VALUES ( 80,'     Ǿ ġ    ż Ʈ','100101','Y','     Ǿ ġ    ż Ʈ','system',SYSDATE,'system',SYSDATE);
INSERT INTO DEV.ITEM (ITEM_ID,ITEM_NM,ITEM_TYPE_CD,SALE_YN,ITEM_DESC,REG_ID,REG_DTS,MOD_ID,MOD_DTS) VALUES ( 81,'   ϵ彬       ż Ʈ','100101','Y','   ϵ彬       ż Ʈ','system',SYSDATE,'system',SYSDATE);
INSERT INTO DEV.ITEM (ITEM_ID,ITEM_NM,ITEM_TYPE_CD,SALE_YN,ITEM_DESC,REG_ID,REG_DTS,MOD_ID,MOD_DTS) VALUES ( 82,'       ż Ʈ','100101','Y','       ż Ʈ','system',SYSDATE,'system',SYSDATE);
INSERT INTO DEV.ITEM (ITEM_ID,ITEM_NM,ITEM_TYPE_CD,SALE_YN,ITEM_DESC,REG_ID,REG_DTS,MOD_ID,MOD_DTS) VALUES ( 83,'  ũ     ǹ  ż Ʈ','100101','Y','  ũ     ǹ  ż Ʈ','system',SYSDATE,'system',SYSDATE);
INSERT INTO DEV.ITEM (ITEM_ID,ITEM_NM,ITEM_TYPE_CD,SALE_YN,ITEM_DESC,REG_ID,REG_DTS,MOD_ID,MOD_DTS) VALUES ( 85,'   ̾ Ʈ      ż Ʈ','100101','Y','   ̾ Ʈ      ż Ʈ','system',SYSDATE,'system',SYSDATE);
INSERT INTO DEV.ITEM (ITEM_ID,ITEM_NM,ITEM_TYPE_CD,SALE_YN,ITEM_DESC,REG_ID,REG_DTS,MOD_ID,MOD_DTS) VALUES ( 86,' ٴ  ׸ ġŲ   ż Ʈ','100101','Y',' ٴ  ׸ ġŲ   ż Ʈ','system',SYSDATE,'system',SYSDATE);
INSERT INTO DEV.ITEM (ITEM_ID,ITEM_NM,ITEM_TYPE_CD,SALE_YN,ITEM_DESC,REG_ID,REG_DTS,MOD_ID,MOD_DTS) VALUES ( 87,' Ұ     ż Ʈ','100101','Y',' Ұ     ż Ʈ','system',SYSDATE,'system',SYSDATE);
INSERT INTO DEV.ITEM (ITEM_ID,ITEM_NM,ITEM_TYPE_CD,SALE_YN,ITEM_DESC,REG_ID,REG_DTS,MOD_ID,MOD_DTS) VALUES ( 88,' Ұ    ż Ʈ','100101','Y',' Ұ    ż Ʈ','system',SYSDATE,'system',SYSDATE);
INSERT INTO DEV.ITEM (ITEM_ID,ITEM_NM,ITEM_TYPE_CD,SALE_YN,ITEM_DESC,REG_ID,REG_DTS,MOD_ID,MOD_DTS) VALUES ( 89,'      ż Ʈ','100101','Y','      ż Ʈ','system',SYSDATE,'system',SYSDATE);
INSERT INTO DEV.ITEM (ITEM_ID,ITEM_NM,ITEM_TYPE_CD,SALE_YN,ITEM_DESC,REG_ID,REG_DTS,MOD_ID,MOD_DTS) VALUES ( 90,'ġŲ   ż Ʈ','100101','Y','ġŲ   ż Ʈ','system',SYSDATE,'system',SYSDATE);
INSERT INTO DEV.ITEM (ITEM_ID,ITEM_NM,ITEM_TYPE_CD,SALE_YN,ITEM_DESC,REG_ID,REG_DTS,MOD_ID,MOD_DTS) VALUES ( 91,'       ż Ʈ','100101','Y','       ż Ʈ','system',SYSDATE,'system',SYSDATE);
INSERT INTO DEV.ITEM (ITEM_ID,ITEM_NM,ITEM_TYPE_CD,SALE_YN,ITEM_DESC,REG_ID,REG_DTS,MOD_ID,MOD_DTS) VALUES ( 92,'ġ    ż Ʈ','100101','Y','ġ    ż Ʈ','system',SYSDATE,'system',SYSDATE);

INSERT INTO DEV.UITEM (ITEM_ID,UITEM_ID,UITEM_NM,SALE_YN,UITEM_DESC,REG_ID,REG_DTS,MOD_ID,MOD_DTS) VALUES ( 1,1,' ѿ Ұ     ','Y',' ѿ Ұ     ','system',SYSDATE,'system',SYSDATE);
INSERT INTO DEV.UITEM (ITEM_ID,UITEM_ID,UITEM_NM,SALE_YN,UITEM_DESC,REG_ID,REG_DTS,MOD_ID,MOD_DTS) VALUES ( 2,2,'       ','Y','       ','system',SYSDATE,'system',SYSDATE);
INSERT INTO DEV.UITEM (ITEM_ID,UITEM_ID,UITEM_NM,SALE_YN,UITEM_DESC,REG_ID,REG_DTS,MOD_ID,MOD_DTS) VALUES ( 3,3,'     Ǿ ġ     ','Y','     Ǿ ġ     ','system',SYSDATE,'system',SYSDATE);
INSERT INTO DEV.UITEM (ITEM_ID,UITEM_ID,UITEM_NM,SALE_YN,UITEM_DESC,REG_ID,REG_DTS,MOD_ID,MOD_DTS) VALUES ( 4,4,'   ϵ彬        ','Y','   ϵ彬        ','system',SYSDATE,'system',SYSDATE);
INSERT INTO DEV.UITEM (ITEM_ID,UITEM_ID,UITEM_NM,SALE_YN,UITEM_DESC,REG_ID,REG_DTS,MOD_ID,MOD_DTS) VALUES ( 5,5,'        ','Y','        ','system',SYSDATE,'system',SYSDATE);
INSERT INTO DEV.UITEM (ITEM_ID,UITEM_ID,UITEM_NM,SALE_YN,UITEM_DESC,REG_ID,REG_DTS,MOD_ID,MOD_DTS) VALUES ( 6,6,'  ũ     ǹ   ','Y','  ũ     ǹ   ','system',SYSDATE,'system',SYSDATE);
INSERT INTO DEV.UITEM (ITEM_ID,UITEM_ID,UITEM_NM,SALE_YN,UITEM_DESC,REG_ID,REG_DTS,MOD_ID,MOD_DTS) VALUES ( 7,7,' ٴ  ׸ ġŲ    ','Y',' ٴ  ׸ ġŲ    ','system',SYSDATE,'system',SYSDATE);
INSERT INTO DEV.UITEM (ITEM_ID,UITEM_ID,UITEM_NM,SALE_YN,UITEM_DESC,REG_ID,REG_DTS,MOD_ID,MOD_DTS) VALUES ( 8,8,' Ұ      ','Y',' Ұ      ','system',SYSDATE,'system',SYSDATE);
INSERT INTO DEV.UITEM (ITEM_ID,UITEM_ID,UITEM_NM,SALE_YN,UITEM_DESC,REG_ID,REG_DTS,MOD_ID,MOD_DTS) VALUES ( 9,9,'  ä   ̽  Ұ  ','Y','  ä   ̽  Ұ  ','system',SYSDATE,'system',SYSDATE);
INSERT INTO DEV.UITEM (ITEM_ID,UITEM_ID,UITEM_NM,SALE_YN,UITEM_DESC,REG_ID,REG_DTS,MOD_ID,MOD_DTS) VALUES ( 10,10,' Ұ     ','Y',' Ұ     ','system',SYSDATE,'system',SYSDATE);
INSERT INTO DEV.UITEM (ITEM_ID,UITEM_ID,UITEM_NM,SALE_YN,UITEM_DESC,REG_ID,REG_DTS,MOD_ID,MOD_DTS) VALUES ( 11,11,'       ','Y','       ','system',SYSDATE,'system',SYSDATE);
INSERT INTO DEV.UITEM (ITEM_ID,UITEM_ID,UITEM_NM,SALE_YN,UITEM_DESC,REG_ID,REG_DTS,MOD_ID,MOD_DTS) VALUES ( 12,12,'ġŲ    ','Y','ġŲ    ','system',SYSDATE,'system',SYSDATE);
INSERT INTO DEV.UITEM (ITEM_ID,UITEM_ID,UITEM_NM,SALE_YN,UITEM_DESC,REG_ID,REG_DTS,MOD_ID,MOD_DTS) VALUES ( 13,13,'ġ     ','Y','ġ     ','system',SYSDATE,'system',SYSDATE);
INSERT INTO DEV.UITEM (ITEM_ID,UITEM_ID,UITEM_NM,SALE_YN,UITEM_DESC,REG_ID,REG_DTS,MOD_ID,MOD_DTS) VALUES ( 14,14,'        ','Y','        ','system',SYSDATE,'system',SYSDATE);
INSERT INTO DEV.UITEM (ITEM_ID,UITEM_ID,UITEM_NM,SALE_YN,UITEM_DESC,REG_ID,REG_DTS,MOD_ID,MOD_DTS) VALUES ( 15,15,'  Ʈ           ','Y','  Ʈ           ','system',SYSDATE,'system',SYSDATE);
INSERT INTO DEV.UITEM (ITEM_ID,UITEM_ID,UITEM_NM,SALE_YN,UITEM_DESC,REG_ID,REG_DTS,MOD_ID,MOD_DTS) VALUES ( 16,16,'  ũĿƲ      ','Y','  ũĿƲ      ','system',SYSDATE,'system',SYSDATE);
INSERT INTO DEV.UITEM (ITEM_ID,UITEM_ID,UITEM_NM,SALE_YN,UITEM_DESC,REG_ID,REG_DTS,MOD_ID,MOD_DTS) VALUES ( 17,17,'  ¡     ','Y','  ¡     ','system',SYSDATE,'system',SYSDATE);
INSERT INTO DEV.UITEM (ITEM_ID,UITEM_ID,UITEM_NM,SALE_YN,UITEM_DESC,REG_ID,REG_DTS,MOD_ID,MOD_DTS) VALUES ( 18,18,'ġŲ ٷ (2    )','Y','ġŲ ٷ (2    )','system',SYSDATE,'system',SYSDATE);
INSERT INTO DEV.UITEM (ITEM_ID,UITEM_ID,UITEM_NM,SALE_YN,UITEM_DESC,REG_ID,REG_DTS,MOD_ID,MOD_DTS) VALUES ( 19,19,'ġŲ1    ','Y','ġŲ1    ','system',SYSDATE,'system',SYSDATE);
INSERT INTO DEV.UITEM (ITEM_ID,UITEM_ID,UITEM_NM,SALE_YN,UITEM_DESC,REG_ID,REG_DTS,MOD_ID,MOD_DTS) VALUES ( 20,20,'ȭ ̾   (2    )','Y','ȭ ̾   (2    )','system',SYSDATE,'system',SYSDATE);
INSERT INTO DEV.UITEM (ITEM_ID,UITEM_ID,UITEM_NM,SALE_YN,UITEM_DESC,REG_ID,REG_DTS,MOD_ID,MOD_DTS) VALUES ( 21,21,'ġŲ ٷ (4    )','Y','ġŲ ٷ (4    )','system',SYSDATE,'system',SYSDATE);
INSERT INTO DEV.UITEM (ITEM_ID,UITEM_ID,UITEM_NM,SALE_YN,UITEM_DESC,REG_ID,REG_DTS,MOD_ID,MOD_DTS) VALUES ( 22,22,'ȭ ̾   (4    )','Y','ȭ ̾   (4    )','system',SYSDATE,'system',SYSDATE);
INSERT INTO DEV.UITEM (ITEM_ID,UITEM_ID,UITEM_NM,SALE_YN,UITEM_DESC,REG_ID,REG_DTS,MOD_ID,MOD_DTS) VALUES ( 23,23,'    ġŲ(  Ͼ )','Y','    ġŲ(  Ͼ )','system',SYSDATE,'system',SYSDATE);
INSERT INTO DEV.UITEM (ITEM_ID,UITEM_ID,UITEM_NM,SALE_YN,UITEM_DESC,REG_ID,REG_DTS,MOD_ID,MOD_DTS) VALUES ( 24,24,'    ġŲ(ġ  )','Y','    ġŲ(ġ  )','system',SYSDATE,'system',SYSDATE);
INSERT INTO DEV.UITEM (ITEM_ID,UITEM_ID,UITEM_NM,SALE_YN,UITEM_DESC,REG_ID,REG_DTS,MOD_ID,MOD_DTS) VALUES ( 25,25,'    ġŲ(ĥ  )','Y','    ġŲ(ĥ  )','system',SYSDATE,'system',SYSDATE);
INSERT INTO DEV.UITEM (ITEM_ID,UITEM_ID,UITEM_NM,SALE_YN,UITEM_DESC,REG_ID,REG_DTS,MOD_ID,MOD_DTS) VALUES ( 26,26,'ȫ Գʰ ','Y','ȫ Գʰ ','system',SYSDATE,'system',SYSDATE);
INSERT INTO DEV.UITEM (ITEM_ID,UITEM_ID,UITEM_NM,SALE_YN,UITEM_DESC,REG_ID,REG_DTS,MOD_ID,MOD_DTS) VALUES ( 27,27,'  ¡ ','Y','  ¡ ','system',SYSDATE,'system',SYSDATE);
INSERT INTO DEV.UITEM (ITEM_ID,UITEM_ID,UITEM_NM,SALE_YN,UITEM_DESC,REG_ID,REG_DTS,MOD_ID,MOD_DTS) VALUES ( 28,28,'ũ  ġ    ','Y','ũ  ġ    ','system',SYSDATE,'system',SYSDATE);
INSERT INTO DEV.UITEM (ITEM_ID,UITEM_ID,UITEM_NM,SALE_YN,UITEM_DESC,REG_ID,REG_DTS,MOD_ID,MOD_DTS) VALUES ( 29,29,'    ( ÷   )','Y','    ( ÷   )','system',SYSDATE,'system',SYSDATE);
INSERT INTO DEV.UITEM (ITEM_ID,UITEM_ID,UITEM_NM,SALE_YN,UITEM_DESC,REG_ID,REG_DTS,MOD_ID,MOD_DTS) VALUES ( 30,30,'    (  Ʈ κ   )','Y','    (  Ʈ κ   )','system',SYSDATE,'system',SYSDATE);
INSERT INTO DEV.UITEM (ITEM_ID,UITEM_ID,UITEM_NM,SALE_YN,UITEM_DESC,REG_ID,REG_DTS,MOD_ID,MOD_DTS) VALUES ( 31,31,'    (  纣  )','Y','    (  纣  )','system',SYSDATE,'system',SYSDATE);
INSERT INTO DEV.UITEM (ITEM_ID,UITEM_ID,UITEM_NM,SALE_YN,UITEM_DESC,REG_ID,REG_DTS,MOD_ID,MOD_DTS) VALUES ( 32,32,'  䰨  ','Y','  䰨  ','system',SYSDATE,'system',SYSDATE);
INSERT INTO DEV.UITEM (ITEM_ID,UITEM_ID,UITEM_NM,SALE_YN,UITEM_DESC,REG_ID,REG_DTS,MOD_ID,MOD_DTS) VALUES ( 33,33,'   ߷ ġ ƽ','Y','   ߷ ġ ƽ','system',SYSDATE,'system',SYSDATE);
INSERT INTO DEV.UITEM (ITEM_ID,UITEM_ID,UITEM_NM,SALE_YN,UITEM_DESC,REG_ID,REG_DTS,MOD_ID,MOD_DTS) VALUES ( 34,34,'        ','Y','        ','system',SYSDATE,'system',SYSDATE);
INSERT INTO DEV.UITEM (ITEM_ID,UITEM_ID,UITEM_NM,SALE_YN,UITEM_DESC,REG_ID,REG_DTS,MOD_ID,MOD_DTS) VALUES ( 35,35,'    Ʈ  ','Y','    Ʈ  ','system',SYSDATE,'system',SYSDATE);
INSERT INTO DEV.UITEM (ITEM_ID,UITEM_ID,UITEM_NM,SALE_YN,UITEM_DESC,REG_ID,REG_DTS,MOD_ID,MOD_DTS) VALUES ( 36,36,'       Ʈ  ','Y','       Ʈ  ','system',SYSDATE,'system',SYSDATE);
INSERT INTO DEV.UITEM (ITEM_ID,UITEM_ID,UITEM_NM,SALE_YN,UITEM_DESC,REG_ID,REG_DTS,MOD_ID,MOD_DTS) VALUES ( 37,37,'    ̵ (      )','Y','    ̵ (      )','system',SYSDATE,'system',SYSDATE);
INSERT INTO DEV.UITEM (ITEM_ID,UITEM_ID,UITEM_NM,SALE_YN,UITEM_DESC,REG_ID,REG_DTS,MOD_ID,MOD_DTS) VALUES ( 38,38,'    ̵ (      Ű)','Y','    ̵ (      Ű)','system',SYSDATE,'system',SYSDATE);
INSERT INTO DEV.UITEM (ITEM_ID,UITEM_ID,UITEM_NM,SALE_YN,UITEM_DESC,REG_ID,REG_DTS,MOD_ID,MOD_DTS) VALUES ( 39,39,'    ̵ (    )','Y','    ̵ (    )','system',SYSDATE,'system',SYSDATE);
INSERT INTO DEV.UITEM (ITEM_ID,UITEM_ID,UITEM_NM,SALE_YN,UITEM_DESC,REG_ID,REG_DTS,MOD_ID,MOD_DTS) VALUES ( 40,40,'    ̵ (   丮    )','Y','    ̵ (   丮    )','system',SYSDATE,'system',SYSDATE);
INSERT INTO DEV.UITEM (ITEM_ID,UITEM_ID,UITEM_NM,SALE_YN,UITEM_DESC,REG_ID,REG_DTS,MOD_ID,MOD_DTS) VALUES ( 41,41,'    ̵ (      )','Y','    ̵ (      )','system',SYSDATE,'system',SYSDATE);
INSERT INTO DEV.UITEM (ITEM_ID,UITEM_ID,UITEM_NM,SALE_YN,UITEM_DESC,REG_ID,REG_DTS,MOD_ID,MOD_DTS) VALUES ( 42,42,'Ʈ    Į    ','Y','Ʈ    Į    ','system',SYSDATE,'system',SYSDATE);
INSERT INTO DEV.UITEM (ITEM_ID,UITEM_ID,UITEM_NM,SALE_YN,UITEM_DESC,REG_ID,REG_DTS,MOD_ID,MOD_DTS) VALUES ( 43,43,' Ϻ   ','Y',' Ϻ   ','system',SYSDATE,'system',SYSDATE);
INSERT INTO DEV.UITEM (ITEM_ID,UITEM_ID,UITEM_NM,SALE_YN,UITEM_DESC,REG_ID,REG_DTS,MOD_ID,MOD_DTS) VALUES ( 44,44,' ׸       (    ġŲ4       ΰ   )','Y',' ׸       (    ġŲ4       ΰ   )','system',SYSDATE,'system',SYSDATE);
INSERT INTO DEV.UITEM (ITEM_ID,UITEM_ID,UITEM_NM,SALE_YN,UITEM_DESC,REG_ID,REG_DTS,MOD_ID,MOD_DTS) VALUES ( 45,45,'     ̾  ̽ ũ  (      )','Y','     ̾  ̽ ũ  (      )','system',SYSDATE,'system',SYSDATE);
INSERT INTO DEV.UITEM (ITEM_ID,UITEM_ID,UITEM_NM,SALE_YN,UITEM_DESC,REG_ID,REG_DTS,MOD_ID,MOD_DTS) VALUES ( 46,46,'     ̾  ̽ ũ  (  Ʈ κ   )','Y','     ̾  ̽ ũ  (  Ʈ κ   )','system',SYSDATE,'system',SYSDATE);
INSERT INTO DEV.UITEM (ITEM_ID,UITEM_ID,UITEM_NM,SALE_YN,UITEM_DESC,REG_ID,REG_DTS,MOD_ID,MOD_DTS) VALUES ( 47,47,' ܻ     ','Y',' ܻ     ','system',SYSDATE,'system',SYSDATE);
INSERT INTO DEV.UITEM (ITEM_ID,UITEM_ID,UITEM_NM,SALE_YN,UITEM_DESC,REG_ID,REG_DTS,MOD_ID,MOD_DTS) VALUES ( 48,48,'   Ͼ ','Y','   Ͼ ','system',SYSDATE,'system',SYSDATE);
INSERT INTO DEV.UITEM (ITEM_ID,UITEM_ID,UITEM_NM,SALE_YN,UITEM_DESC,REG_ID,REG_DTS,MOD_ID,MOD_DTS) VALUES ( 49,49,'   ̽  Ƹ޸ ī  S','Y','   ̽  Ƹ޸ ī  S','system',SYSDATE,'system',SYSDATE);
INSERT INTO DEV.UITEM (ITEM_ID,UITEM_ID,UITEM_NM,SALE_YN,UITEM_DESC,REG_ID,REG_DTS,MOD_ID,MOD_DTS) VALUES ( 50,50,'   ̽ ƼS(     Ƹ )','Y','   ̽ ƼS(     Ƹ )','system',SYSDATE,'system',SYSDATE);
INSERT INTO DEV.UITEM (ITEM_ID,UITEM_ID,UITEM_NM,SALE_YN,UITEM_DESC,REG_ID,REG_DTS,MOD_ID,MOD_DTS) VALUES ( 51,51,' ݶ S','Y',' ݶ S','system',SYSDATE,'system',SYSDATE);
INSERT INTO DEV.UITEM (ITEM_ID,UITEM_ID,UITEM_NM,SALE_YN,UITEM_DESC,REG_ID,REG_DTS,MOD_ID,MOD_DTS) VALUES ( 52,52,'  Ƽ','Y','  Ƽ','system',SYSDATE,'system',SYSDATE);
INSERT INTO DEV.UITEM (ITEM_ID,UITEM_ID,UITEM_NM,SALE_YN,UITEM_DESC,REG_ID,REG_DTS,MOD_ID,MOD_DTS) VALUES ( 53,53,'      ','Y','      ','system',SYSDATE,'system',SYSDATE);
INSERT INTO DEV.UITEM (ITEM_ID,UITEM_ID,UITEM_NM,SALE_YN,UITEM_DESC,REG_ID,REG_DTS,MOD_ID,MOD_DTS) VALUES ( 54,54,'ī  Ḷ   ƶ ','Y','ī  Ḷ   ƶ ','system',SYSDATE,'system',SYSDATE);
INSERT INTO DEV.UITEM (ITEM_ID,UITEM_ID,UITEM_NM,SALE_YN,UITEM_DESC,REG_ID,REG_DTS,MOD_ID,MOD_DTS) VALUES ( 55,55,'ī   ī','Y','ī   ī','system',SYSDATE,'system',SYSDATE);
INSERT INTO DEV.UITEM (ITEM_ID,UITEM_ID,UITEM_NM,SALE_YN,UITEM_DESC,REG_ID,REG_DTS,MOD_ID,MOD_DTS) VALUES ( 56,56,'     ̵ ','Y','     ̵ ','system',SYSDATE,'system',SYSDATE);
INSERT INTO DEV.UITEM (ITEM_ID,UITEM_ID,UITEM_NM,SALE_YN,UITEM_DESC,REG_ID,REG_DTS,MOD_ID,MOD_DTS) VALUES ( 57,57,'    ֽ ','Y','    ֽ ','system',SYSDATE,'system',SYSDATE);
INSERT INTO DEV.UITEM (ITEM_ID,UITEM_ID,UITEM_NM,SALE_YN,UITEM_DESC,REG_ID,REG_DTS,MOD_ID,MOD_DTS) VALUES ( 58,58,'   ̽ ī   ','Y','   ̽ ī   ','system',SYSDATE,'system',SYSDATE);
INSERT INTO DEV.UITEM (ITEM_ID,UITEM_ID,UITEM_NM,SALE_YN,UITEM_DESC,REG_ID,REG_DTS,MOD_ID,MOD_DTS) VALUES ( 59,59,'ī   ','Y','ī   ','system',SYSDATE,'system',SYSDATE);
INSERT INTO DEV.UITEM (ITEM_ID,UITEM_ID,UITEM_NM,SALE_YN,UITEM_DESC,REG_ID,REG_DTS,MOD_ID,MOD_DTS) VALUES ( 60,60,'īǪġ  ','Y','īǪġ  ','system',SYSDATE,'system',SYSDATE);
INSERT INTO DEV.UITEM (ITEM_ID,UITEM_ID,UITEM_NM,SALE_YN,UITEM_DESC,REG_ID,REG_DTS,MOD_ID,MOD_DTS) VALUES ( 61,61,'   ̽  Ƹ޸ ī  ','Y','   ̽  Ƹ޸ ī  ','system',SYSDATE,'system',SYSDATE);
INSERT INTO DEV.UITEM (ITEM_ID,UITEM_ID,UITEM_NM,SALE_YN,UITEM_DESC,REG_ID,REG_DTS,MOD_ID,MOD_DTS) VALUES ( 62,62,' Ƹ޸ ī  (T)','Y',' Ƹ޸ ī  (T)','system',SYSDATE,'system',SYSDATE);
INSERT INTO DEV.UITEM (ITEM_ID,UITEM_ID,UITEM_NM,SALE_YN,UITEM_DESC,REG_ID,REG_DTS,MOD_ID,MOD_DTS) VALUES ( 63,63,'       ֽ (R)','Y','       ֽ (R)','system',SYSDATE,'system',SYSDATE);
INSERT INTO DEV.UITEM (ITEM_ID,UITEM_ID,UITEM_NM,SALE_YN,UITEM_DESC,REG_ID,REG_DTS,MOD_ID,MOD_DTS) VALUES ( 64,64,'   ̽ Ƽ(      )','Y','   ̽ Ƽ(      )','system',SYSDATE,'system',SYSDATE);
INSERT INTO DEV.UITEM (ITEM_ID,UITEM_ID,UITEM_NM,SALE_YN,UITEM_DESC,REG_ID,REG_DTS,MOD_ID,MOD_DTS) VALUES ( 65,65,'  ũ    ũ( ٴҶ )','Y','  ũ    ũ( ٴҶ )','system',SYSDATE,'system',SYSDATE);
INSERT INTO DEV.UITEM (ITEM_ID,UITEM_ID,UITEM_NM,SALE_YN,UITEM_DESC,REG_ID,REG_DTS,MOD_ID,MOD_DTS) VALUES ( 66,66,'  ũ    ũ(    )','Y','  ũ    ũ(    )','system',SYSDATE,'system',SYSDATE);
INSERT INTO DEV.UITEM (ITEM_ID,UITEM_ID,UITEM_NM,SALE_YN,UITEM_DESC,REG_ID,REG_DTS,MOD_ID,MOD_DTS) VALUES ( 67,67,'  ũ    ũ(    )','Y','  ũ    ũ(    )','system',SYSDATE,'system',SYSDATE);
INSERT INTO DEV.UITEM (ITEM_ID,UITEM_ID,UITEM_NM,SALE_YN,UITEM_DESC,REG_ID,REG_DTS,MOD_ID,MOD_DTS) VALUES ( 68,68,' ݶ (R)','Y',' ݶ (R)','system',SYSDATE,'system',SYSDATE);
INSERT INTO DEV.UITEM (ITEM_ID,UITEM_ID,UITEM_NM,SALE_YN,UITEM_DESC,REG_ID,REG_DTS,MOD_ID,MOD_DTS) VALUES ( 69,69,'   ̴ (R)','Y','   ̴ (R)','system',SYSDATE,'system',SYSDATE);
INSERT INTO DEV.UITEM (ITEM_ID,UITEM_ID,UITEM_NM,SALE_YN,UITEM_DESC,REG_ID,REG_DTS,MOD_ID,MOD_DTS) VALUES ( 70,70,'    ','Y','    ','system',SYSDATE,'system',SYSDATE);
INSERT INTO DEV.UITEM (ITEM_ID,UITEM_ID,UITEM_NM,SALE_YN,UITEM_DESC,REG_ID,REG_DTS,MOD_ID,MOD_DTS) VALUES ( 71,71,'     ̾     ũ(    )','Y','     ̾     ũ(    )','system',SYSDATE,'system',SYSDATE);
INSERT INTO DEV.UITEM (ITEM_ID,UITEM_ID,UITEM_NM,SALE_YN,UITEM_DESC,REG_ID,REG_DTS,MOD_ID,MOD_DTS) VALUES ( 72,72,'     ̾     ũ(   )','Y','     ̾     ũ(   )','system',SYSDATE,'system',SYSDATE);
INSERT INTO DEV.UITEM (ITEM_ID,UITEM_ID,UITEM_NM,SALE_YN,UITEM_DESC,REG_ID,REG_DTS,MOD_ID,MOD_DTS) VALUES ( 73,73,'     ̾     ũ(       )','Y','     ̾     ũ(       )','system',SYSDATE,'system',SYSDATE);
INSERT INTO DEV.UITEM (ITEM_ID,UITEM_ID,UITEM_NM,SALE_YN,UITEM_DESC,REG_ID,REG_DTS,MOD_ID,MOD_DTS) VALUES ( 74,74,'ġ ƽ','Y','ġ ƽ','system',SYSDATE,'system',SYSDATE);
INSERT INTO DEV.UITEM (ITEM_ID,UITEM_ID,UITEM_NM,SALE_YN,UITEM_DESC,REG_ID,REG_DTS,MOD_ID,MOD_DTS) VALUES ( 75,1,' ѿ Ұ     ','Y',' ѿ쿬   Ѽ Ʈ','system',SYSDATE,'system',SYSDATE);
INSERT INTO DEV.UITEM (ITEM_ID,UITEM_ID,UITEM_NM,SALE_YN,UITEM_DESC,REG_ID,REG_DTS,MOD_ID,MOD_DTS) VALUES ( 75,11,'       ','Y',' ѿ쿬   Ѽ Ʈ','system',SYSDATE,'system',SYSDATE);
INSERT INTO DEV.UITEM (ITEM_ID,UITEM_ID,UITEM_NM,SALE_YN,UITEM_DESC,REG_ID,REG_DTS,MOD_ID,MOD_DTS) VALUES ( 75,74,'ġ ƽ','Y',' ѿ쿬   Ѽ Ʈ','system',SYSDATE,'system',SYSDATE);
INSERT INTO DEV.UITEM (ITEM_ID,UITEM_ID,UITEM_NM,SALE_YN,UITEM_DESC,REG_ID,REG_DTS,MOD_ID,MOD_DTS) VALUES ( 75,34,'        ','Y',' ѿ쿬   Ѽ Ʈ','system',SYSDATE,'system',SYSDATE);
INSERT INTO DEV.UITEM (ITEM_ID,UITEM_ID,UITEM_NM,SALE_YN,UITEM_DESC,REG_ID,REG_DTS,MOD_ID,MOD_DTS) VALUES ( 75,68,' ݶ (R)','Y',' ѿ쿬   Ѽ Ʈ','system',SYSDATE,'system',SYSDATE);
INSERT INTO DEV.UITEM (ITEM_ID,UITEM_ID,UITEM_NM,SALE_YN,UITEM_DESC,REG_ID,REG_DTS,MOD_ID,MOD_DTS) VALUES ( 75,69,'   ̴ (R)','Y',' ѿ쿬   Ѽ Ʈ','system',SYSDATE,'system',SYSDATE);
INSERT INTO DEV.UITEM (ITEM_ID,UITEM_ID,UITEM_NM,SALE_YN,UITEM_DESC,REG_ID,REG_DTS,MOD_ID,MOD_DTS) VALUES ( 76,1,' ѿ Ұ     ','Y',' ѿ Ұ ⼼Ʈ','system',SYSDATE,'system',SYSDATE);
INSERT INTO DEV.UITEM (ITEM_ID,UITEM_ID,UITEM_NM,SALE_YN,UITEM_DESC,REG_ID,REG_DTS,MOD_ID,MOD_DTS) VALUES ( 76,34,'        ','Y',' ѿ Ұ ⼼Ʈ','system',SYSDATE,'system',SYSDATE);
INSERT INTO DEV.UITEM (ITEM_ID,UITEM_ID,UITEM_NM,SALE_YN,UITEM_DESC,REG_ID,REG_DTS,MOD_ID,MOD_DTS) VALUES ( 76,68,' ݶ (R)','Y',' ѿ Ұ ⼼Ʈ','system',SYSDATE,'system',SYSDATE);
INSERT INTO DEV.UITEM (ITEM_ID,UITEM_ID,UITEM_NM,SALE_YN,UITEM_DESC,REG_ID,REG_DTS,MOD_ID,MOD_DTS) VALUES ( 76,48,'   Ͼ ','Y',' ѿ Ұ ⼼Ʈ','system',SYSDATE,'system',SYSDATE);
INSERT INTO DEV.UITEM (ITEM_ID,UITEM_ID,UITEM_NM,SALE_YN,UITEM_DESC,REG_ID,REG_DTS,MOD_ID,MOD_DTS) VALUES ( 77,9,'  ä   ̽  Ұ  ','Y','  ä   ̽  Ұ ⼼Ʈ','system',SYSDATE,'system',SYSDATE);
INSERT INTO DEV.UITEM (ITEM_ID,UITEM_ID,UITEM_NM,SALE_YN,UITEM_DESC,REG_ID,REG_DTS,MOD_ID,MOD_DTS) VALUES ( 77,34,'        ','Y','  ä   ̽  Ұ ⼼Ʈ','system',SYSDATE,'system',SYSDATE);
INSERT INTO DEV.UITEM (ITEM_ID,UITEM_ID,UITEM_NM,SALE_YN,UITEM_DESC,REG_ID,REG_DTS,MOD_ID,MOD_DTS) VALUES ( 77,68,' ݶ (R)','Y','  ä   ̽  Ұ ⼼Ʈ','system',SYSDATE,'system',SYSDATE);
INSERT INTO DEV.UITEM (ITEM_ID,UITEM_ID,UITEM_NM,SALE_YN,UITEM_DESC,REG_ID,REG_DTS,MOD_ID,MOD_DTS) VALUES ( 78,12,'ġŲ    ','Y','ġŲ   ż Ʈ','system',SYSDATE,'system',SYSDATE);
INSERT INTO DEV.UITEM (ITEM_ID,UITEM_ID,UITEM_NM,SALE_YN,UITEM_DESC,REG_ID,REG_DTS,MOD_ID,MOD_DTS) VALUES ( 78,34,'        ','Y','ġŲ   ż Ʈ','system',SYSDATE,'system',SYSDATE);
INSERT INTO DEV.UITEM (ITEM_ID,UITEM_ID,UITEM_NM,SALE_YN,UITEM_DESC,REG_ID,REG_DTS,MOD_ID,MOD_DTS) VALUES ( 78,68,' ݶ (R)','Y','ġŲ   ż Ʈ','system',SYSDATE,'system',SYSDATE);
INSERT INTO DEV.UITEM (ITEM_ID,UITEM_ID,UITEM_NM,SALE_YN,UITEM_DESC,REG_ID,REG_DTS,MOD_ID,MOD_DTS) VALUES ( 79,2,'       ','Y','      Ҽ Ʈ','system',SYSDATE,'system',SYSDATE);
INSERT INTO DEV.UITEM (ITEM_ID,UITEM_ID,UITEM_NM,SALE_YN,UITEM_DESC,REG_ID,REG_DTS,MOD_ID,MOD_DTS) VALUES ( 79,34,'        ','Y','      Ҽ Ʈ','system',SYSDATE,'system',SYSDATE);
INSERT INTO DEV.UITEM (ITEM_ID,UITEM_ID,UITEM_NM,SALE_YN,UITEM_DESC,REG_ID,REG_DTS,MOD_ID,MOD_DTS) VALUES ( 79,68,' ݶ (R)','Y','      Ҽ Ʈ','system',SYSDATE,'system',SYSDATE);
INSERT INTO DEV.UITEM (ITEM_ID,UITEM_ID,UITEM_NM,SALE_YN,UITEM_DESC,REG_ID,REG_DTS,MOD_ID,MOD_DTS) VALUES ( 80,3,'     Ǿ ġ     ','Y','     Ǿ ġ    ż Ʈ','system',SYSDATE,'system',SYSDATE);
INSERT INTO DEV.UITEM (ITEM_ID,UITEM_ID,UITEM_NM,SALE_YN,UITEM_DESC,REG_ID,REG_DTS,MOD_ID,MOD_DTS) VALUES ( 80,34,'        ','Y','     Ǿ ġ    ż Ʈ','system',SYSDATE,'system',SYSDATE);
INSERT INTO DEV.UITEM (ITEM_ID,UITEM_ID,UITEM_NM,SALE_YN,UITEM_DESC,REG_ID,REG_DTS,MOD_ID,MOD_DTS) VALUES ( 80,68,' ݶ (R)','Y','     Ǿ ġ    ż Ʈ','system',SYSDATE,'system',SYSDATE);
INSERT INTO DEV.UITEM (ITEM_ID,UITEM_ID,UITEM_NM,SALE_YN,UITEM_DESC,REG_ID,REG_DTS,MOD_ID,MOD_DTS) VALUES ( 81,4,'   ϵ彬        ','Y','   ϵ彬       ż Ʈ','system',SYSDATE,'system',SYSDATE);
INSERT INTO DEV.UITEM (ITEM_ID,UITEM_ID,UITEM_NM,SALE_YN,UITEM_DESC,REG_ID,REG_DTS,MOD_ID,MOD_DTS) VALUES ( 81,34,'        ','Y','   ϵ彬       ż Ʈ','system',SYSDATE,'system',SYSDATE);
INSERT INTO DEV.UITEM (ITEM_ID,UITEM_ID,UITEM_NM,SALE_YN,UITEM_DESC,REG_ID,REG_DTS,MOD_ID,MOD_DTS) VALUES ( 81,68,' ݶ (R)','Y','   ϵ彬       ż Ʈ','system',SYSDATE,'system',SYSDATE);
INSERT INTO DEV.UITEM (ITEM_ID,UITEM_ID,UITEM_NM,SALE_YN,UITEM_DESC,REG_ID,REG_DTS,MOD_ID,MOD_DTS) VALUES ( 82,5,'        ','Y','       ż Ʈ','system',SYSDATE,'system',SYSDATE);
INSERT INTO DEV.UITEM (ITEM_ID,UITEM_ID,UITEM_NM,SALE_YN,UITEM_DESC,REG_ID,REG_DTS,MOD_ID,MOD_DTS) VALUES ( 82,34,'        ','Y','       ż Ʈ','system',SYSDATE,'system',SYSDATE);
INSERT INTO DEV.UITEM (ITEM_ID,UITEM_ID,UITEM_NM,SALE_YN,UITEM_DESC,REG_ID,REG_DTS,MOD_ID,MOD_DTS) VALUES ( 82,68,' ݶ (R)','Y','       ż Ʈ','system',SYSDATE,'system',SYSDATE);
INSERT INTO DEV.UITEM (ITEM_ID,UITEM_ID,UITEM_NM,SALE_YN,UITEM_DESC,REG_ID,REG_DTS,MOD_ID,MOD_DTS) VALUES ( 83,6,'  ũ     ǹ   ','Y','  ũ     ǹ  ż Ʈ','system',SYSDATE,'system',SYSDATE);
INSERT INTO DEV.UITEM (ITEM_ID,UITEM_ID,UITEM_NM,SALE_YN,UITEM_DESC,REG_ID,REG_DTS,MOD_ID,MOD_DTS) VALUES ( 83,34,'        ','Y','  ũ     ǹ  ż Ʈ','system',SYSDATE,'system',SYSDATE);
INSERT INTO DEV.UITEM (ITEM_ID,UITEM_ID,UITEM_NM,SALE_YN,UITEM_DESC,REG_ID,REG_DTS,MOD_ID,MOD_DTS) VALUES ( 83,68,' ݶ (R)','Y','  ũ     ǹ  ż Ʈ','system',SYSDATE,'system',SYSDATE);
INSERT INTO DEV.UITEM (ITEM_ID,UITEM_ID,UITEM_NM,SALE_YN,UITEM_DESC,REG_ID,REG_DTS,MOD_ID,MOD_DTS) VALUES ( 84,86,'   ̾ Ʈ       ','Y','   ̾ Ʈ       ','system',SYSDATE,'system',SYSDATE);
INSERT INTO DEV.UITEM (ITEM_ID,UITEM_ID,UITEM_NM,SALE_YN,UITEM_DESC,REG_ID,REG_DTS,MOD_ID,MOD_DTS) VALUES ( 85,86,'   ̾ Ʈ       ','Y','   ̾ Ʈ      ż Ʈ','system',SYSDATE,'system',SYSDATE);
INSERT INTO DEV.UITEM (ITEM_ID,UITEM_ID,UITEM_NM,SALE_YN,UITEM_DESC,REG_ID,REG_DTS,MOD_ID,MOD_DTS) VALUES ( 85,34,'        ','Y','   ̾ Ʈ      ż Ʈ','system',SYSDATE,'system',SYSDATE);
INSERT INTO DEV.UITEM (ITEM_ID,UITEM_ID,UITEM_NM,SALE_YN,UITEM_DESC,REG_ID,REG_DTS,MOD_ID,MOD_DTS) VALUES ( 85,68,' ݶ (R)','Y','   ̾ Ʈ      ż Ʈ','system',SYSDATE,'system',SYSDATE);
INSERT INTO DEV.UITEM (ITEM_ID,UITEM_ID,UITEM_NM,SALE_YN,UITEM_DESC,REG_ID,REG_DTS,MOD_ID,MOD_DTS) VALUES ( 86,7,' ٴ  ׸ ġŲ    ','Y',' ٴ  ׸ ġŲ   ż Ʈ','system',SYSDATE,'system',SYSDATE);
INSERT INTO DEV.UITEM (ITEM_ID,UITEM_ID,UITEM_NM,SALE_YN,UITEM_DESC,REG_ID,REG_DTS,MOD_ID,MOD_DTS) VALUES ( 86,34,'        ','Y',' ٴ  ׸ ġŲ   ż Ʈ','system',SYSDATE,'system',SYSDATE);
INSERT INTO DEV.UITEM (ITEM_ID,UITEM_ID,UITEM_NM,SALE_YN,UITEM_DESC,REG_ID,REG_DTS,MOD_ID,MOD_DTS) VALUES ( 86,68,' ݶ (R)','Y',' ٴ  ׸ ġŲ   ż Ʈ','system',SYSDATE,'system',SYSDATE);
INSERT INTO DEV.UITEM (ITEM_ID,UITEM_ID,UITEM_NM,SALE_YN,UITEM_DESC,REG_ID,REG_DTS,MOD_ID,MOD_DTS) VALUES ( 87,8,' Ұ      ','Y',' Ұ     ż Ʈ','system',SYSDATE,'system',SYSDATE);
INSERT INTO DEV.UITEM (ITEM_ID,UITEM_ID,UITEM_NM,SALE_YN,UITEM_DESC,REG_ID,REG_DTS,MOD_ID,MOD_DTS) VALUES ( 87,34,'        ','Y',' Ұ     ż Ʈ','system',SYSDATE,'system',SYSDATE);
INSERT INTO DEV.UITEM (ITEM_ID,UITEM_ID,UITEM_NM,SALE_YN,UITEM_DESC,REG_ID,REG_DTS,MOD_ID,MOD_DTS) VALUES ( 87,68,' ݶ (R)','Y',' Ұ     ż Ʈ','system',SYSDATE,'system',SYSDATE);
INSERT INTO DEV.UITEM (ITEM_ID,UITEM_ID,UITEM_NM,SALE_YN,UITEM_DESC,REG_ID,REG_DTS,MOD_ID,MOD_DTS) VALUES ( 88,10,' Ұ     ','Y',' Ұ    ż Ʈ','system',SYSDATE,'system',SYSDATE);
INSERT INTO DEV.UITEM (ITEM_ID,UITEM_ID,UITEM_NM,SALE_YN,UITEM_DESC,REG_ID,REG_DTS,MOD_ID,MOD_DTS) VALUES ( 88,34,'        ','Y',' Ұ    ż Ʈ','system',SYSDATE,'system',SYSDATE);
INSERT INTO DEV.UITEM (ITEM_ID,UITEM_ID,UITEM_NM,SALE_YN,UITEM_DESC,REG_ID,REG_DTS,MOD_ID,MOD_DTS) VALUES ( 88,68,' ݶ (R)','Y',' Ұ    ż Ʈ','system',SYSDATE,'system',SYSDATE);
INSERT INTO DEV.UITEM (ITEM_ID,UITEM_ID,UITEM_NM,SALE_YN,UITEM_DESC,REG_ID,REG_DTS,MOD_ID,MOD_DTS) VALUES ( 89,11,'       ','Y','      ż Ʈ','system',SYSDATE,'system',SYSDATE);
INSERT INTO DEV.UITEM (ITEM_ID,UITEM_ID,UITEM_NM,SALE_YN,UITEM_DESC,REG_ID,REG_DTS,MOD_ID,MOD_DTS) VALUES ( 89,34,'        ','Y','      ż Ʈ','system',SYSDATE,'system',SYSDATE);
INSERT INTO DEV.UITEM (ITEM_ID,UITEM_ID,UITEM_NM,SALE_YN,UITEM_DESC,REG_ID,REG_DTS,MOD_ID,MOD_DTS) VALUES ( 89,68,' ݶ (R)','Y','      ż Ʈ','system',SYSDATE,'system',SYSDATE);
INSERT INTO DEV.UITEM (ITEM_ID,UITEM_ID,UITEM_NM,SALE_YN,UITEM_DESC,REG_ID,REG_DTS,MOD_ID,MOD_DTS) VALUES ( 90,12,'ġŲ    ','Y','ġŲ   ż Ʈ','system',SYSDATE,'system',SYSDATE);
INSERT INTO DEV.UITEM (ITEM_ID,UITEM_ID,UITEM_NM,SALE_YN,UITEM_DESC,REG_ID,REG_DTS,MOD_ID,MOD_DTS) VALUES ( 90,34,'        ','Y','ġŲ   ż Ʈ','system',SYSDATE,'system',SYSDATE);
INSERT INTO DEV.UITEM (ITEM_ID,UITEM_ID,UITEM_NM,SALE_YN,UITEM_DESC,REG_ID,REG_DTS,MOD_ID,MOD_DTS) VALUES ( 90,68,' ݶ (R)','Y','ġŲ   ż Ʈ','system',SYSDATE,'system',SYSDATE);
INSERT INTO DEV.UITEM (ITEM_ID,UITEM_ID,UITEM_NM,SALE_YN,UITEM_DESC,REG_ID,REG_DTS,MOD_ID,MOD_DTS) VALUES ( 91,14,'        ','Y','       ż Ʈ','system',SYSDATE,'system',SYSDATE);
INSERT INTO DEV.UITEM (ITEM_ID,UITEM_ID,UITEM_NM,SALE_YN,UITEM_DESC,REG_ID,REG_DTS,MOD_ID,MOD_DTS) VALUES ( 91,34,'        ','Y','       ż Ʈ','system',SYSDATE,'system',SYSDATE);
INSERT INTO DEV.UITEM (ITEM_ID,UITEM_ID,UITEM_NM,SALE_YN,UITEM_DESC,REG_ID,REG_DTS,MOD_ID,MOD_DTS) VALUES ( 91,68,' ݶ (R)','Y','       ż Ʈ','system',SYSDATE,'system',SYSDATE);
INSERT INTO DEV.UITEM (ITEM_ID,UITEM_ID,UITEM_NM,SALE_YN,UITEM_DESC,REG_ID,REG_DTS,MOD_ID,MOD_DTS) VALUES ( 92,13,'ġ     ','Y','ġ    ż Ʈ','system',SYSDATE,'system',SYSDATE);
INSERT INTO DEV.UITEM (ITEM_ID,UITEM_ID,UITEM_NM,SALE_YN,UITEM_DESC,REG_ID,REG_DTS,MOD_ID,MOD_DTS) VALUES ( 92,34,'        ','Y','ġ    ż Ʈ','system',SYSDATE,'system',SYSDATE);
INSERT INTO DEV.UITEM (ITEM_ID,UITEM_ID,UITEM_NM,SALE_YN,UITEM_DESC,REG_ID,REG_DTS,MOD_ID,MOD_DTS) VALUES ( 92,68,' ݶ (R)','Y','ġ    ż Ʈ','system',SYSDATE,'system',SYSDATE);

INSERT INTO DEV.UITEM_PRICE (ITEM_ID,UITEM_ID,APPLY_DT,SALE_PRICE,DISCOUNT_PRICE,COST_PRICE,REG_ID,REG_DTS,MOD_ID,MOD_DTS) VALUES ( 1,1,'20120101',5500,0,2750,'system',SYSDATE,'system',SYSDATE);
INSERT INTO DEV.UITEM_PRICE (ITEM_ID,UITEM_ID,APPLY_DT,SALE_PRICE,DISCOUNT_PRICE,COST_PRICE,REG_ID,REG_DTS,MOD_ID,MOD_DTS) VALUES ( 2,2,'20120101',4800,0,2400,'system',SYSDATE,'system',SYSDATE);
INSERT INTO DEV.UITEM_PRICE (ITEM_ID,UITEM_ID,APPLY_DT,SALE_PRICE,DISCOUNT_PRICE,COST_PRICE,REG_ID,REG_DTS,MOD_ID,MOD_DTS) VALUES ( 3,3,'20120101',4700,0,2350,'system',SYSDATE,'system',SYSDATE);
INSERT INTO DEV.UITEM_PRICE (ITEM_ID,UITEM_ID,APPLY_DT,SALE_PRICE,DISCOUNT_PRICE,COST_PRICE,REG_ID,REG_DTS,MOD_ID,MOD_DTS) VALUES ( 4,4,'20120101',4500,0,2250,'system',SYSDATE,'system',SYSDATE);
INSERT INTO DEV.UITEM_PRICE (ITEM_ID,UITEM_ID,APPLY_DT,SALE_PRICE,DISCOUNT_PRICE,COST_PRICE,REG_ID,REG_DTS,MOD_ID,MOD_DTS) VALUES ( 5,5,'20120101',4500,0,2250,'system',SYSDATE,'system',SYSDATE);
INSERT INTO DEV.UITEM_PRICE (ITEM_ID,UITEM_ID,APPLY_DT,SALE_PRICE,DISCOUNT_PRICE,COST_PRICE,REG_ID,REG_DTS,MOD_ID,MOD_DTS) VALUES ( 6,6,'20120101',4300,0,2150,'system',SYSDATE,'system',SYSDATE);
INSERT INTO DEV.UITEM_PRICE (ITEM_ID,UITEM_ID,APPLY_DT,SALE_PRICE,DISCOUNT_PRICE,COST_PRICE,REG_ID,REG_DTS,MOD_ID,MOD_DTS) VALUES ( 7,7,'20120101',3900,0,1950,'system',SYSDATE,'system',SYSDATE);
INSERT INTO DEV.UITEM_PRICE (ITEM_ID,UITEM_ID,APPLY_DT,SALE_PRICE,DISCOUNT_PRICE,COST_PRICE,REG_ID,REG_DTS,MOD_ID,MOD_DTS) VALUES ( 8,8,'20120101',3500,0,1750,'system',SYSDATE,'system',SYSDATE);
INSERT INTO DEV.UITEM_PRICE (ITEM_ID,UITEM_ID,APPLY_DT,SALE_PRICE,DISCOUNT_PRICE,COST_PRICE,REG_ID,REG_DTS,MOD_ID,MOD_DTS) VALUES ( 9,9,'20120101',3900,0,1950,'system',SYSDATE,'system',SYSDATE);
INSERT INTO DEV.UITEM_PRICE (ITEM_ID,UITEM_ID,APPLY_DT,SALE_PRICE,DISCOUNT_PRICE,COST_PRICE,REG_ID,REG_DTS,MOD_ID,MOD_DTS) VALUES ( 10,10,'20120101',3300,0,1650,'system',SYSDATE,'system',SYSDATE);
INSERT INTO DEV.UITEM_PRICE (ITEM_ID,UITEM_ID,APPLY_DT,SALE_PRICE,DISCOUNT_PRICE,COST_PRICE,REG_ID,REG_DTS,MOD_ID,MOD_DTS) VALUES ( 11,11,'20120101',3300,0,1650,'system',SYSDATE,'system',SYSDATE);
INSERT INTO DEV.UITEM_PRICE (ITEM_ID,UITEM_ID,APPLY_DT,SALE_PRICE,DISCOUNT_PRICE,COST_PRICE,REG_ID,REG_DTS,MOD_ID,MOD_DTS) VALUES ( 12,12,'20120101',3000,0,1500,'system',SYSDATE,'system',SYSDATE);
INSERT INTO DEV.UITEM_PRICE (ITEM_ID,UITEM_ID,APPLY_DT,SALE_PRICE,DISCOUNT_PRICE,COST_PRICE,REG_ID,REG_DTS,MOD_ID,MOD_DTS) VALUES ( 13,13,'20120101',2300,0,1150,'system',SYSDATE,'system',SYSDATE);
INSERT INTO DEV.UITEM_PRICE (ITEM_ID,UITEM_ID,APPLY_DT,SALE_PRICE,DISCOUNT_PRICE,COST_PRICE,REG_ID,REG_DTS,MOD_ID,MOD_DTS) VALUES ( 14,14,'20120101',2300,0,1150,'system',SYSDATE,'system',SYSDATE);
INSERT INTO DEV.UITEM_PRICE (ITEM_ID,UITEM_ID,APPLY_DT,SALE_PRICE,DISCOUNT_PRICE,COST_PRICE,REG_ID,REG_DTS,MOD_ID,MOD_DTS) VALUES ( 15,15,'20120101',2000,0,1000,'system',SYSDATE,'system',SYSDATE);
INSERT INTO DEV.UITEM_PRICE (ITEM_ID,UITEM_ID,APPLY_DT,SALE_PRICE,DISCOUNT_PRICE,COST_PRICE,REG_ID,REG_DTS,MOD_ID,MOD_DTS) VALUES ( 16,16,'20120101',2000,0,1000,'system',SYSDATE,'system',SYSDATE);
INSERT INTO DEV.UITEM_PRICE (ITEM_ID,UITEM_ID,APPLY_DT,SALE_PRICE,DISCOUNT_PRICE,COST_PRICE,REG_ID,REG_DTS,MOD_ID,MOD_DTS) VALUES ( 17,17,'20120101',2000,0,1000,'system',SYSDATE,'system',SYSDATE);
INSERT INTO DEV.UITEM_PRICE (ITEM_ID,UITEM_ID,APPLY_DT,SALE_PRICE,DISCOUNT_PRICE,COST_PRICE,REG_ID,REG_DTS,MOD_ID,MOD_DTS) VALUES ( 18,18,'20120101',2200,0,1100,'system',SYSDATE,'system',SYSDATE);
INSERT INTO DEV.UITEM_PRICE (ITEM_ID,UITEM_ID,APPLY_DT,SALE_PRICE,DISCOUNT_PRICE,COST_PRICE,REG_ID,REG_DTS,MOD_ID,MOD_DTS) VALUES ( 19,19,'20120101',2200,0,1100,'system',SYSDATE,'system',SYSDATE);
INSERT INTO DEV.UITEM_PRICE (ITEM_ID,UITEM_ID,APPLY_DT,SALE_PRICE,DISCOUNT_PRICE,COST_PRICE,REG_ID,REG_DTS,MOD_ID,MOD_DTS) VALUES ( 20,20,'20120101',2200,0,1100,'system',SYSDATE,'system',SYSDATE);
INSERT INTO DEV.UITEM_PRICE (ITEM_ID,UITEM_ID,APPLY_DT,SALE_PRICE,DISCOUNT_PRICE,COST_PRICE,REG_ID,REG_DTS,MOD_ID,MOD_DTS) VALUES ( 21,21,'20120101',4100,0,2050,'system',SYSDATE,'system',SYSDATE);
INSERT INTO DEV.UITEM_PRICE (ITEM_ID,UITEM_ID,APPLY_DT,SALE_PRICE,DISCOUNT_PRICE,COST_PRICE,REG_ID,REG_DTS,MOD_ID,MOD_DTS) VALUES ( 22,22,'20120101',4100,0,2050,'system',SYSDATE,'system',SYSDATE);
INSERT INTO DEV.UITEM_PRICE (ITEM_ID,UITEM_ID,APPLY_DT,SALE_PRICE,DISCOUNT_PRICE,COST_PRICE,REG_ID,REG_DTS,MOD_ID,MOD_DTS) VALUES ( 23,23,'20120101',2500,0,1250,'system',SYSDATE,'system',SYSDATE);
INSERT INTO DEV.UITEM_PRICE (ITEM_ID,UITEM_ID,APPLY_DT,SALE_PRICE,DISCOUNT_PRICE,COST_PRICE,REG_ID,REG_DTS,MOD_ID,MOD_DTS) VALUES ( 24,24,'20120101',2500,0,1250,'system',SYSDATE,'system',SYSDATE);
INSERT INTO DEV.UITEM_PRICE (ITEM_ID,UITEM_ID,APPLY_DT,SALE_PRICE,DISCOUNT_PRICE,COST_PRICE,REG_ID,REG_DTS,MOD_ID,MOD_DTS) VALUES ( 25,25,'20120101',2500,0,1250,'system',SYSDATE,'system',SYSDATE);
INSERT INTO DEV.UITEM_PRICE (ITEM_ID,UITEM_ID,APPLY_DT,SALE_PRICE,DISCOUNT_PRICE,COST_PRICE,REG_ID,REG_DTS,MOD_ID,MOD_DTS) VALUES ( 26,26,'20120101',2000,0,1000,'system',SYSDATE,'system',SYSDATE);
INSERT INTO DEV.UITEM_PRICE (ITEM_ID,UITEM_ID,APPLY_DT,SALE_PRICE,DISCOUNT_PRICE,COST_PRICE,REG_ID,REG_DTS,MOD_ID,MOD_DTS) VALUES ( 27,27,'20120101',1900,0,950,'system',SYSDATE,'system',SYSDATE);
INSERT INTO DEV.UITEM_PRICE (ITEM_ID,UITEM_ID,APPLY_DT,SALE_PRICE,DISCOUNT_PRICE,COST_PRICE,REG_ID,REG_DTS,MOD_ID,MOD_DTS) VALUES ( 28,28,'20120101',1900,0,950,'system',SYSDATE,'system',SYSDATE);
INSERT INTO DEV.UITEM_PRICE (ITEM_ID,UITEM_ID,APPLY_DT,SALE_PRICE,DISCOUNT_PRICE,COST_PRICE,REG_ID,REG_DTS,MOD_ID,MOD_DTS) VALUES ( 29,29,'20120101',2000,0,1000,'system',SYSDATE,'system',SYSDATE);
INSERT INTO DEV.UITEM_PRICE (ITEM_ID,UITEM_ID,APPLY_DT,SALE_PRICE,DISCOUNT_PRICE,COST_PRICE,REG_ID,REG_DTS,MOD_ID,MOD_DTS) VALUES ( 30,30,'20120101',2000,0,1000,'system',SYSDATE,'system',SYSDATE);
INSERT INTO DEV.UITEM_PRICE (ITEM_ID,UITEM_ID,APPLY_DT,SALE_PRICE,DISCOUNT_PRICE,COST_PRICE,REG_ID,REG_DTS,MOD_ID,MOD_DTS) VALUES ( 31,31,'20120101',2000,0,1000,'system',SYSDATE,'system',SYSDATE);
INSERT INTO DEV.UITEM_PRICE (ITEM_ID,UITEM_ID,APPLY_DT,SALE_PRICE,DISCOUNT_PRICE,COST_PRICE,REG_ID,REG_DTS,MOD_ID,MOD_DTS) VALUES ( 32,32,'20120101',1900,0,950,'system',SYSDATE,'system',SYSDATE);
INSERT INTO DEV.UITEM_PRICE (ITEM_ID,UITEM_ID,APPLY_DT,SALE_PRICE,DISCOUNT_PRICE,COST_PRICE,REG_ID,REG_DTS,MOD_ID,MOD_DTS) VALUES ( 33,33,'20120101',1900,0,950,'system',SYSDATE,'system',SYSDATE);
INSERT INTO DEV.UITEM_PRICE (ITEM_ID,UITEM_ID,APPLY_DT,SALE_PRICE,DISCOUNT_PRICE,COST_PRICE,REG_ID,REG_DTS,MOD_ID,MOD_DTS) VALUES ( 34,34,'20120101',1400,0,700,'system',SYSDATE,'system',SYSDATE);
INSERT INTO DEV.UITEM_PRICE (ITEM_ID,UITEM_ID,APPLY_DT,SALE_PRICE,DISCOUNT_PRICE,COST_PRICE,REG_ID,REG_DTS,MOD_ID,MOD_DTS) VALUES ( 35,35,'20120101',500,0,150,'system',SYSDATE,'system',SYSDATE);
INSERT INTO DEV.UITEM_PRICE (ITEM_ID,UITEM_ID,APPLY_DT,SALE_PRICE,DISCOUNT_PRICE,COST_PRICE,REG_ID,REG_DTS,MOD_ID,MOD_DTS) VALUES ( 36,36,'20120101',700,0,210,'system',SYSDATE,'system',SYSDATE);
INSERT INTO DEV.UITEM_PRICE (ITEM_ID,UITEM_ID,APPLY_DT,SALE_PRICE,DISCOUNT_PRICE,COST_PRICE,REG_ID,REG_DTS,MOD_ID,MOD_DTS) VALUES ( 37,37,'20120101',2000,0,600,'system',SYSDATE,'system',SYSDATE);
INSERT INTO DEV.UITEM_PRICE (ITEM_ID,UITEM_ID,APPLY_DT,SALE_PRICE,DISCOUNT_PRICE,COST_PRICE,REG_ID,REG_DTS,MOD_ID,MOD_DTS) VALUES ( 38,38,'20120101',1800,0,540,'system',SYSDATE,'system',SYSDATE);
INSERT INTO DEV.UITEM_PRICE (ITEM_ID,UITEM_ID,APPLY_DT,SALE_PRICE,DISCOUNT_PRICE,COST_PRICE,REG_ID,REG_DTS,MOD_ID,MOD_DTS) VALUES ( 39,39,'20120101',1800,0,540,'system',SYSDATE,'system',SYSDATE);
INSERT INTO DEV.UITEM_PRICE (ITEM_ID,UITEM_ID,APPLY_DT,SALE_PRICE,DISCOUNT_PRICE,COST_PRICE,REG_ID,REG_DTS,MOD_ID,MOD_DTS) VALUES ( 40,40,'20120101',2000,0,600,'system',SYSDATE,'system',SYSDATE);
INSERT INTO DEV.UITEM_PRICE (ITEM_ID,UITEM_ID,APPLY_DT,SALE_PRICE,DISCOUNT_PRICE,COST_PRICE,REG_ID,REG_DTS,MOD_ID,MOD_DTS) VALUES ( 41,41,'20120101',2000,0,600,'system',SYSDATE,'system',SYSDATE);
INSERT INTO DEV.UITEM_PRICE (ITEM_ID,UITEM_ID,APPLY_DT,SALE_PRICE,DISCOUNT_PRICE,COST_PRICE,REG_ID,REG_DTS,MOD_ID,MOD_DTS) VALUES ( 42,42,'20120101',4500,0,1350,'system',SYSDATE,'system',SYSDATE);
INSERT INTO DEV.UITEM_PRICE (ITEM_ID,UITEM_ID,APPLY_DT,SALE_PRICE,DISCOUNT_PRICE,COST_PRICE,REG_ID,REG_DTS,MOD_ID,MOD_DTS) VALUES ( 43,43,'20120101',4000,0,1200,'system',SYSDATE,'system',SYSDATE);
INSERT INTO DEV.UITEM_PRICE (ITEM_ID,UITEM_ID,APPLY_DT,SALE_PRICE,DISCOUNT_PRICE,COST_PRICE,REG_ID,REG_DTS,MOD_ID,MOD_DTS) VALUES ( 44,44,'20120101',3000,0,900,'system',SYSDATE,'system',SYSDATE);
INSERT INTO DEV.UITEM_PRICE (ITEM_ID,UITEM_ID,APPLY_DT,SALE_PRICE,DISCOUNT_PRICE,COST_PRICE,REG_ID,REG_DTS,MOD_ID,MOD_DTS) VALUES ( 45,45,'20120101',1500,0,450,'system',SYSDATE,'system',SYSDATE);
INSERT INTO DEV.UITEM_PRICE (ITEM_ID,UITEM_ID,APPLY_DT,SALE_PRICE,DISCOUNT_PRICE,COST_PRICE,REG_ID,REG_DTS,MOD_ID,MOD_DTS) VALUES ( 46,46,'20120101',1500,0,450,'system',SYSDATE,'system',SYSDATE);
INSERT INTO DEV.UITEM_PRICE (ITEM_ID,UITEM_ID,APPLY_DT,SALE_PRICE,DISCOUNT_PRICE,COST_PRICE,REG_ID,REG_DTS,MOD_ID,MOD_DTS) VALUES ( 47,47,'20120101',1500,0,750,'system',SYSDATE,'system',SYSDATE);
INSERT INTO DEV.UITEM_PRICE (ITEM_ID,UITEM_ID,APPLY_DT,SALE_PRICE,DISCOUNT_PRICE,COST_PRICE,REG_ID,REG_DTS,MOD_ID,MOD_DTS) VALUES ( 48,48,'20120101',1500,0,750,'system',SYSDATE,'system',SYSDATE);
INSERT INTO DEV.UITEM_PRICE (ITEM_ID,UITEM_ID,APPLY_DT,SALE_PRICE,DISCOUNT_PRICE,COST_PRICE,REG_ID,REG_DTS,MOD_ID,MOD_DTS) VALUES ( 49,49,'20120101',1000,0,200,'system',SYSDATE,'system',SYSDATE);
INSERT INTO DEV.UITEM_PRICE (ITEM_ID,UITEM_ID,APPLY_DT,SALE_PRICE,DISCOUNT_PRICE,COST_PRICE,REG_ID,REG_DTS,MOD_ID,MOD_DTS) VALUES ( 50,50,'20120101',1000,0,200,'system',SYSDATE,'system',SYSDATE);
INSERT INTO DEV.UITEM_PRICE (ITEM_ID,UITEM_ID,APPLY_DT,SALE_PRICE,DISCOUNT_PRICE,COST_PRICE,REG_ID,REG_DTS,MOD_ID,MOD_DTS) VALUES ( 51,51,'20120101',1000,0,200,'system',SYSDATE,'system',SYSDATE);
INSERT INTO DEV.UITEM_PRICE (ITEM_ID,UITEM_ID,APPLY_DT,SALE_PRICE,DISCOUNT_PRICE,COST_PRICE,REG_ID,REG_DTS,MOD_ID,MOD_DTS) VALUES ( 52,52,'20120101',2000,0,400,'system',SYSDATE,'system',SYSDATE);
INSERT INTO DEV.UITEM_PRICE (ITEM_ID,UITEM_ID,APPLY_DT,SALE_PRICE,DISCOUNT_PRICE,COST_PRICE,REG_ID,REG_DTS,MOD_ID,MOD_DTS) VALUES ( 53,53,'20120101',2000,0,400,'system',SYSDATE,'system',SYSDATE);
INSERT INTO DEV.UITEM_PRICE (ITEM_ID,UITEM_ID,APPLY_DT,SALE_PRICE,DISCOUNT_PRICE,COST_PRICE,REG_ID,REG_DTS,MOD_ID,MOD_DTS) VALUES ( 54,54,'20120101',3000,0,600,'system',SYSDATE,'system',SYSDATE);
INSERT INTO DEV.UITEM_PRICE (ITEM_ID,UITEM_ID,APPLY_DT,SALE_PRICE,DISCOUNT_PRICE,COST_PRICE,REG_ID,REG_DTS,MOD_ID,MOD_DTS) VALUES ( 55,55,'20120101',3000,0,600,'system',SYSDATE,'system',SYSDATE);
INSERT INTO DEV.UITEM_PRICE (ITEM_ID,UITEM_ID,APPLY_DT,SALE_PRICE,DISCOUNT_PRICE,COST_PRICE,REG_ID,REG_DTS,MOD_ID,MOD_DTS) VALUES ( 56,56,'20120101',2500,0,500,'system',SYSDATE,'system',SYSDATE);
INSERT INTO DEV.UITEM_PRICE (ITEM_ID,UITEM_ID,APPLY_DT,SALE_PRICE,DISCOUNT_PRICE,COST_PRICE,REG_ID,REG_DTS,MOD_ID,MOD_DTS) VALUES ( 57,57,'20120101',2000,0,400,'system',SYSDATE,'system',SYSDATE);
INSERT INTO DEV.UITEM_PRICE (ITEM_ID,UITEM_ID,APPLY_DT,SALE_PRICE,DISCOUNT_PRICE,COST_PRICE,REG_ID,REG_DTS,MOD_ID,MOD_DTS) VALUES ( 58,58,'20120101',2800,0,560,'system',SYSDATE,'system',SYSDATE);
INSERT INTO DEV.UITEM_PRICE (ITEM_ID,UITEM_ID,APPLY_DT,SALE_PRICE,DISCOUNT_PRICE,COST_PRICE,REG_ID,REG_DTS,MOD_ID,MOD_DTS) VALUES ( 59,59,'20120101',2800,0,560,'system',SYSDATE,'system',SYSDATE);
INSERT INTO DEV.UITEM_PRICE (ITEM_ID,UITEM_ID,APPLY_DT,SALE_PRICE,DISCOUNT_PRICE,COST_PRICE,REG_ID,REG_DTS,MOD_ID,MOD_DTS) VALUES ( 60,60,'20120101',2800,0,560,'system',SYSDATE,'system',SYSDATE);
INSERT INTO DEV.UITEM_PRICE (ITEM_ID,UITEM_ID,APPLY_DT,SALE_PRICE,DISCOUNT_PRICE,COST_PRICE,REG_ID,REG_DTS,MOD_ID,MOD_DTS) VALUES ( 61,61,'20120101',2200,0,440,'system',SYSDATE,'system',SYSDATE);
INSERT INTO DEV.UITEM_PRICE (ITEM_ID,UITEM_ID,APPLY_DT,SALE_PRICE,DISCOUNT_PRICE,COST_PRICE,REG_ID,REG_DTS,MOD_ID,MOD_DTS) VALUES ( 62,62,'20120101',2200,0,440,'system',SYSDATE,'system',SYSDATE);
INSERT INTO DEV.UITEM_PRICE (ITEM_ID,UITEM_ID,APPLY_DT,SALE_PRICE,DISCOUNT_PRICE,COST_PRICE,REG_ID,REG_DTS,MOD_ID,MOD_DTS) VALUES ( 63,63,'20120101',2000,0,400,'system',SYSDATE,'system',SYSDATE);
INSERT INTO DEV.UITEM_PRICE (ITEM_ID,UITEM_ID,APPLY_DT,SALE_PRICE,DISCOUNT_PRICE,COST_PRICE,REG_ID,REG_DTS,MOD_ID,MOD_DTS) VALUES ( 64,64,'20120101',2000,0,400,'system',SYSDATE,'system',SYSDATE);
INSERT INTO DEV.UITEM_PRICE (ITEM_ID,UITEM_ID,APPLY_DT,SALE_PRICE,DISCOUNT_PRICE,COST_PRICE,REG_ID,REG_DTS,MOD_ID,MOD_DTS) VALUES ( 65,65,'20120101',1700,0,340,'system',SYSDATE,'system',SYSDATE);
INSERT INTO DEV.UITEM_PRICE (ITEM_ID,UITEM_ID,APPLY_DT,SALE_PRICE,DISCOUNT_PRICE,COST_PRICE,REG_ID,REG_DTS,MOD_ID,MOD_DTS) VALUES ( 66,66,'20120101',1700,0,340,'system',SYSDATE,'system',SYSDATE);
INSERT INTO DEV.UITEM_PRICE (ITEM_ID,UITEM_ID,APPLY_DT,SALE_PRICE,DISCOUNT_PRICE,COST_PRICE,REG_ID,REG_DTS,MOD_ID,MOD_DTS) VALUES ( 67,67,'20120101',1700,0,340,'system',SYSDATE,'system',SYSDATE);
INSERT INTO DEV.UITEM_PRICE (ITEM_ID,UITEM_ID,APPLY_DT,SALE_PRICE,DISCOUNT_PRICE,COST_PRICE,REG_ID,REG_DTS,MOD_ID,MOD_DTS) VALUES ( 68,68,'20120101',1700,0,340,'system',SYSDATE,'system',SYSDATE);
INSERT INTO DEV.UITEM_PRICE (ITEM_ID,UITEM_ID,APPLY_DT,SALE_PRICE,DISCOUNT_PRICE,COST_PRICE,REG_ID,REG_DTS,MOD_ID,MOD_DTS) VALUES ( 69,69,'20120101',1700,0,340,'system',SYSDATE,'system',SYSDATE);
INSERT INTO DEV.UITEM_PRICE (ITEM_ID,UITEM_ID,APPLY_DT,SALE_PRICE,DISCOUNT_PRICE,COST_PRICE,REG_ID,REG_DTS,MOD_ID,MOD_DTS) VALUES ( 70,70,'20120101',1000,0,200,'system',SYSDATE,'system',SYSDATE);
INSERT INTO DEV.UITEM_PRICE (ITEM_ID,UITEM_ID,APPLY_DT,SALE_PRICE,DISCOUNT_PRICE,COST_PRICE,REG_ID,REG_DTS,MOD_ID,MOD_DTS) VALUES ( 71,71,'20120101',2500,0,500,'system',SYSDATE,'system',SYSDATE);
INSERT INTO DEV.UITEM_PRICE (ITEM_ID,UITEM_ID,APPLY_DT,SALE_PRICE,DISCOUNT_PRICE,COST_PRICE,REG_ID,REG_DTS,MOD_ID,MOD_DTS) VALUES ( 72,72,'20120101',2500,0,500,'system',SYSDATE,'system',SYSDATE);
INSERT INTO DEV.UITEM_PRICE (ITEM_ID,UITEM_ID,APPLY_DT,SALE_PRICE,DISCOUNT_PRICE,COST_PRICE,REG_ID,REG_DTS,MOD_ID,MOD_DTS) VALUES ( 73,73,'20120101',2500,0,500,'system',SYSDATE,'system',SYSDATE);
INSERT INTO DEV.UITEM_PRICE (ITEM_ID,UITEM_ID,APPLY_DT,SALE_PRICE,DISCOUNT_PRICE,COST_PRICE,REG_ID,REG_DTS,MOD_ID,MOD_DTS) VALUES ( 74,74,'20120101',1500,0,750,'system',SYSDATE,'system',SYSDATE);
INSERT INTO DEV.UITEM_PRICE (ITEM_ID,UITEM_ID,APPLY_DT,SALE_PRICE,DISCOUNT_PRICE,COST_PRICE,REG_ID,REG_DTS,MOD_ID,MOD_DTS) VALUES ( 75,1,'20120101',5500,0,2750,'system',SYSDATE,'system',SYSDATE);
INSERT INTO DEV.UITEM_PRICE (ITEM_ID,UITEM_ID,APPLY_DT,SALE_PRICE,DISCOUNT_PRICE,COST_PRICE,REG_ID,REG_DTS,MOD_ID,MOD_DTS) VALUES ( 75,11,'20120101',3300,0,1650,'system',SYSDATE,'system',SYSDATE);
INSERT INTO DEV.UITEM_PRICE (ITEM_ID,UITEM_ID,APPLY_DT,SALE_PRICE,DISCOUNT_PRICE,COST_PRICE,REG_ID,REG_DTS,MOD_ID,MOD_DTS) VALUES ( 75,74,'20120101',1500,0,750,'system',SYSDATE,'system',SYSDATE);
INSERT INTO DEV.UITEM_PRICE (ITEM_ID,UITEM_ID,APPLY_DT,SALE_PRICE,DISCOUNT_PRICE,COST_PRICE,REG_ID,REG_DTS,MOD_ID,MOD_DTS) VALUES ( 75,34,'20120101',1400,0,700,'system',SYSDATE,'system',SYSDATE);
INSERT INTO DEV.UITEM_PRICE (ITEM_ID,UITEM_ID,APPLY_DT,SALE_PRICE,DISCOUNT_PRICE,COST_PRICE,REG_ID,REG_DTS,MOD_ID,MOD_DTS) VALUES ( 75,68,'20120101',1700,0,340,'system',SYSDATE,'system',SYSDATE);
INSERT INTO DEV.UITEM_PRICE (ITEM_ID,UITEM_ID,APPLY_DT,SALE_PRICE,DISCOUNT_PRICE,COST_PRICE,REG_ID,REG_DTS,MOD_ID,MOD_DTS) VALUES ( 75,69,'20120101',1700,0,340,'system',SYSDATE,'system',SYSDATE);
INSERT INTO DEV.UITEM_PRICE (ITEM_ID,UITEM_ID,APPLY_DT,SALE_PRICE,DISCOUNT_PRICE,COST_PRICE,REG_ID,REG_DTS,MOD_ID,MOD_DTS) VALUES ( 76,1,'20120101',5500,0,2750,'system',SYSDATE,'system',SYSDATE);
INSERT INTO DEV.UITEM_PRICE (ITEM_ID,UITEM_ID,APPLY_DT,SALE_PRICE,DISCOUNT_PRICE,COST_PRICE,REG_ID,REG_DTS,MOD_ID,MOD_DTS) VALUES ( 76,34,'20120101',1400,0,700,'system',SYSDATE,'system',SYSDATE);
INSERT INTO DEV.UITEM_PRICE (ITEM_ID,UITEM_ID,APPLY_DT,SALE_PRICE,DISCOUNT_PRICE,COST_PRICE,REG_ID,REG_DTS,MOD_ID,MOD_DTS) VALUES ( 76,68,'20120101',1700,0,340,'system',SYSDATE,'system',SYSDATE);
INSERT INTO DEV.UITEM_PRICE (ITEM_ID,UITEM_ID,APPLY_DT,SALE_PRICE,DISCOUNT_PRICE,COST_PRICE,REG_ID,REG_DTS,MOD_ID,MOD_DTS) VALUES ( 76,48,'20120101',1500,0,750,'system',SYSDATE,'system',SYSDATE);
INSERT INTO DEV.UITEM_PRICE (ITEM_ID,UITEM_ID,APPLY_DT,SALE_PRICE,DISCOUNT_PRICE,COST_PRICE,REG_ID,REG_DTS,MOD_ID,MOD_DTS) VALUES ( 77,9,'20120101',3900,0,1950,'system',SYSDATE,'system',SYSDATE);
INSERT INTO DEV.UITEM_PRICE (ITEM_ID,UITEM_ID,APPLY_DT,SALE_PRICE,DISCOUNT_PRICE,COST_PRICE,REG_ID,REG_DTS,MOD_ID,MOD_DTS) VALUES ( 77,34,'20120101',1400,0,700,'system',SYSDATE,'system',SYSDATE);
INSERT INTO DEV.UITEM_PRICE (ITEM_ID,UITEM_ID,APPLY_DT,SALE_PRICE,DISCOUNT_PRICE,COST_PRICE,REG_ID,REG_DTS,MOD_ID,MOD_DTS) VALUES ( 77,68,'20120101',1700,0,340,'system',SYSDATE,'system',SYSDATE);
INSERT INTO DEV.UITEM_PRICE (ITEM_ID,UITEM_ID,APPLY_DT,SALE_PRICE,DISCOUNT_PRICE,COST_PRICE,REG_ID,REG_DTS,MOD_ID,MOD_DTS) VALUES ( 78,12,'20120101',3000,0,1500,'system',SYSDATE,'system',SYSDATE);
INSERT INTO DEV.UITEM_PRICE (ITEM_ID,UITEM_ID,APPLY_DT,SALE_PRICE,DISCOUNT_PRICE,COST_PRICE,REG_ID,REG_DTS,MOD_ID,MOD_DTS) VALUES ( 78,34,'20120101',1400,0,700,'system',SYSDATE,'system',SYSDATE);
INSERT INTO DEV.UITEM_PRICE (ITEM_ID,UITEM_ID,APPLY_DT,SALE_PRICE,DISCOUNT_PRICE,COST_PRICE,REG_ID,REG_DTS,MOD_ID,MOD_DTS) VALUES ( 78,68,'20120101',1700,0,340,'system',SYSDATE,'system',SYSDATE);
INSERT INTO DEV.UITEM_PRICE (ITEM_ID,UITEM_ID,APPLY_DT,SALE_PRICE,DISCOUNT_PRICE,COST_PRICE,REG_ID,REG_DTS,MOD_ID,MOD_DTS) VALUES ( 79,2,'20120101',4800,0,2400,'system',SYSDATE,'system',SYSDATE);
INSERT INTO DEV.UITEM_PRICE (ITEM_ID,UITEM_ID,APPLY_DT,SALE_PRICE,DISCOUNT_PRICE,COST_PRICE,REG_ID,REG_DTS,MOD_ID,MOD_DTS) VALUES ( 79,34,'20120101',1400,0,700,'system',SYSDATE,'system',SYSDATE);
INSERT INTO DEV.UITEM_PRICE (ITEM_ID,UITEM_ID,APPLY_DT,SALE_PRICE,DISCOUNT_PRICE,COST_PRICE,REG_ID,REG_DTS,MOD_ID,MOD_DTS) VALUES ( 79,68,'20120101',1700,0,340,'system',SYSDATE,'system',SYSDATE);
INSERT INTO DEV.UITEM_PRICE (ITEM_ID,UITEM_ID,APPLY_DT,SALE_PRICE,DISCOUNT_PRICE,COST_PRICE,REG_ID,REG_DTS,MOD_ID,MOD_DTS) VALUES ( 80,3,'20120101',4700,0,2350,'system',SYSDATE,'system',SYSDATE);
INSERT INTO DEV.UITEM_PRICE (ITEM_ID,UITEM_ID,APPLY_DT,SALE_PRICE,DISCOUNT_PRICE,COST_PRICE,REG_ID,REG_DTS,MOD_ID,MOD_DTS) VALUES ( 80,34,'20120101',1400,0,700,'system',SYSDATE,'system',SYSDATE);
INSERT INTO DEV.UITEM_PRICE (ITEM_ID,UITEM_ID,APPLY_DT,SALE_PRICE,DISCOUNT_PRICE,COST_PRICE,REG_ID,REG_DTS,MOD_ID,MOD_DTS) VALUES ( 80,68,'20120101',1700,0,340,'system',SYSDATE,'system',SYSDATE);
INSERT INTO DEV.UITEM_PRICE (ITEM_ID,UITEM_ID,APPLY_DT,SALE_PRICE,DISCOUNT_PRICE,COST_PRICE,REG_ID,REG_DTS,MOD_ID,MOD_DTS) VALUES ( 81,4,'20120101',4500,0,2250,'system',SYSDATE,'system',SYSDATE);
INSERT INTO DEV.UITEM_PRICE (ITEM_ID,UITEM_ID,APPLY_DT,SALE_PRICE,DISCOUNT_PRICE,COST_PRICE,REG_ID,REG_DTS,MOD_ID,MOD_DTS) VALUES ( 81,34,'20120101',1400,0,700,'system',SYSDATE,'system',SYSDATE);
INSERT INTO DEV.UITEM_PRICE (ITEM_ID,UITEM_ID,APPLY_DT,SALE_PRICE,DISCOUNT_PRICE,COST_PRICE,REG_ID,REG_DTS,MOD_ID,MOD_DTS) VALUES ( 81,68,'20120101',1700,0,340,'system',SYSDATE,'system',SYSDATE);
INSERT INTO DEV.UITEM_PRICE (ITEM_ID,UITEM_ID,APPLY_DT,SALE_PRICE,DISCOUNT_PRICE,COST_PRICE,REG_ID,REG_DTS,MOD_ID,MOD_DTS) VALUES ( 82,5,'20120101',4500,0,2250,'system',SYSDATE,'system',SYSDATE);
INSERT INTO DEV.UITEM_PRICE (ITEM_ID,UITEM_ID,APPLY_DT,SALE_PRICE,DISCOUNT_PRICE,COST_PRICE,REG_ID,REG_DTS,MOD_ID,MOD_DTS) VALUES ( 82,34,'20120101',1400,0,700,'system',SYSDATE,'system',SYSDATE);
INSERT INTO DEV.UITEM_PRICE (ITEM_ID,UITEM_ID,APPLY_DT,SALE_PRICE,DISCOUNT_PRICE,COST_PRICE,REG_ID,REG_DTS,MOD_ID,MOD_DTS) VALUES ( 82,68,'20120101',1700,0,340,'system',SYSDATE,'system',SYSDATE);
INSERT INTO DEV.UITEM_PRICE (ITEM_ID,UITEM_ID,APPLY_DT,SALE_PRICE,DISCOUNT_PRICE,COST_PRICE,REG_ID,REG_DTS,MOD_ID,MOD_DTS) VALUES ( 83,6,'20120101',4300,0,2150,'system',SYSDATE,'system',SYSDATE);
INSERT INTO DEV.UITEM_PRICE (ITEM_ID,UITEM_ID,APPLY_DT,SALE_PRICE,DISCOUNT_PRICE,COST_PRICE,REG_ID,REG_DTS,MOD_ID,MOD_DTS) VALUES ( 83,34,'20120101',1400,0,700,'system',SYSDATE,'system',SYSDATE);
INSERT INTO DEV.UITEM_PRICE (ITEM_ID,UITEM_ID,APPLY_DT,SALE_PRICE,DISCOUNT_PRICE,COST_PRICE,REG_ID,REG_DTS,MOD_ID,MOD_DTS) VALUES ( 83,68,'20120101',1700,0,340,'system',SYSDATE,'system',SYSDATE);
INSERT INTO DEV.UITEM_PRICE (ITEM_ID,UITEM_ID,APPLY_DT,SALE_PRICE,DISCOUNT_PRICE,COST_PRICE,REG_ID,REG_DTS,MOD_ID,MOD_DTS) VALUES ( 84,86,'20120101',3800,0,1900,'system',SYSDATE,'system',SYSDATE);
INSERT INTO DEV.UITEM_PRICE (ITEM_ID,UITEM_ID,APPLY_DT,SALE_PRICE,DISCOUNT_PRICE,COST_PRICE,REG_ID,REG_DTS,MOD_ID,MOD_DTS) VALUES ( 85,86,'20120101',3800,0,1900,'system',SYSDATE,'system',SYSDATE);
INSERT INTO DEV.UITEM_PRICE (ITEM_ID,UITEM_ID,APPLY_DT,SALE_PRICE,DISCOUNT_PRICE,COST_PRICE,REG_ID,REG_DTS,MOD_ID,MOD_DTS) VALUES ( 85,34,'20120101',1400,0,700,'system',SYSDATE,'system',SYSDATE);
INSERT INTO DEV.UITEM_PRICE (ITEM_ID,UITEM_ID,APPLY_DT,SALE_PRICE,DISCOUNT_PRICE,COST_PRICE,REG_ID,REG_DTS,MOD_ID,MOD_DTS) VALUES ( 85,68,'20120101',1700,0,340,'system',SYSDATE,'system',SYSDATE);
INSERT INTO DEV.UITEM_PRICE (ITEM_ID,UITEM_ID,APPLY_DT,SALE_PRICE,DISCOUNT_PRICE,COST_PRICE,REG_ID,REG_DTS,MOD_ID,MOD_DTS) VALUES ( 86,7,'20120101',3900,0,1950,'system',SYSDATE,'system',SYSDATE);
INSERT INTO DEV.UITEM_PRICE (ITEM_ID,UITEM_ID,APPLY_DT,SALE_PRICE,DISCOUNT_PRICE,COST_PRICE,REG_ID,REG_DTS,MOD_ID,MOD_DTS) VALUES ( 86,34,'20120101',1400,0,700,'system',SYSDATE,'system',SYSDATE);
INSERT INTO DEV.UITEM_PRICE (ITEM_ID,UITEM_ID,APPLY_DT,SALE_PRICE,DISCOUNT_PRICE,COST_PRICE,REG_ID,REG_DTS,MOD_ID,MOD_DTS) VALUES ( 86,68,'20120101',1700,0,340,'system',SYSDATE,'system',SYSDATE);
INSERT INTO DEV.UITEM_PRICE (ITEM_ID,UITEM_ID,APPLY_DT,SALE_PRICE,DISCOUNT_PRICE,COST_PRICE,REG_ID,REG_DTS,MOD_ID,MOD_DTS) VALUES ( 87,8,'20120101',3500,0,1750,'system',SYSDATE,'system',SYSDATE);
INSERT INTO DEV.UITEM_PRICE (ITEM_ID,UITEM_ID,APPLY_DT,SALE_PRICE,DISCOUNT_PRICE,COST_PRICE,REG_ID,REG_DTS,MOD_ID,MOD_DTS) VALUES ( 87,34,'20120101',1400,0,700,'system',SYSDATE,'system',SYSDATE);
INSERT INTO DEV.UITEM_PRICE (ITEM_ID,UITEM_ID,APPLY_DT,SALE_PRICE,DISCOUNT_PRICE,COST_PRICE,REG_ID,REG_DTS,MOD_ID,MOD_DTS) VALUES ( 87,68,'20120101',1700,0,340,'system',SYSDATE,'system',SYSDATE);
INSERT INTO DEV.UITEM_PRICE (ITEM_ID,UITEM_ID,APPLY_DT,SALE_PRICE,DISCOUNT_PRICE,COST_PRICE,REG_ID,REG_DTS,MOD_ID,MOD_DTS) VALUES ( 88,10,'20120101',3300,0,1650,'system',SYSDATE,'system',SYSDATE);
INSERT INTO DEV.UITEM_PRICE (ITEM_ID,UITEM_ID,APPLY_DT,SALE_PRICE,DISCOUNT_PRICE,COST_PRICE,REG_ID,REG_DTS,MOD_ID,MOD_DTS) VALUES ( 88,34,'20120101',1400,0,700,'system',SYSDATE,'system',SYSDATE);
INSERT INTO DEV.UITEM_PRICE (ITEM_ID,UITEM_ID,APPLY_DT,SALE_PRICE,DISCOUNT_PRICE,COST_PRICE,REG_ID,REG_DTS,MOD_ID,MOD_DTS) VALUES ( 88,68,'20120101',1700,0,340,'system',SYSDATE,'system',SYSDATE);
INSERT INTO DEV.UITEM_PRICE (ITEM_ID,UITEM_ID,APPLY_DT,SALE_PRICE,DISCOUNT_PRICE,COST_PRICE,REG_ID,REG_DTS,MOD_ID,MOD_DTS) VALUES ( 89,11,'20120101',3300,0,1650,'system',SYSDATE,'system',SYSDATE);
INSERT INTO DEV.UITEM_PRICE (ITEM_ID,UITEM_ID,APPLY_DT,SALE_PRICE,DISCOUNT_PRICE,COST_PRICE,REG_ID,REG_DTS,MOD_ID,MOD_DTS) VALUES ( 89,34,'20120101',1400,0,700,'system',SYSDATE,'system',SYSDATE);
INSERT INTO DEV.UITEM_PRICE (ITEM_ID,UITEM_ID,APPLY_DT,SALE_PRICE,DISCOUNT_PRICE,COST_PRICE,REG_ID,REG_DTS,MOD_ID,MOD_DTS) VALUES ( 89,68,'20120101',1700,0,340,'system',SYSDATE,'system',SYSDATE);
INSERT INTO DEV.UITEM_PRICE (ITEM_ID,UITEM_ID,APPLY_DT,SALE_PRICE,DISCOUNT_PRICE,COST_PRICE,REG_ID,REG_DTS,MOD_ID,MOD_DTS) VALUES ( 90,12,'20120101',3000,0,1500,'system',SYSDATE,'system',SYSDATE);
INSERT INTO DEV.UITEM_PRICE (ITEM_ID,UITEM_ID,APPLY_DT,SALE_PRICE,DISCOUNT_PRICE,COST_PRICE,REG_ID,REG_DTS,MOD_ID,MOD_DTS) VALUES ( 90,34,'20120101',1400,0,700,'system',SYSDATE,'system',SYSDATE);
INSERT INTO DEV.UITEM_PRICE (ITEM_ID,UITEM_ID,APPLY_DT,SALE_PRICE,DISCOUNT_PRICE,COST_PRICE,REG_ID,REG_DTS,MOD_ID,MOD_DTS) VALUES ( 90,68,'20120101',1700,0,340,'system',SYSDATE,'system',SYSDATE);
INSERT INTO DEV.UITEM_PRICE (ITEM_ID,UITEM_ID,APPLY_DT,SALE_PRICE,DISCOUNT_PRICE,COST_PRICE,REG_ID,REG_DTS,MOD_ID,MOD_DTS) VALUES ( 91,14,'20120101',2300,0,1150,'system',SYSDATE,'system',SYSDATE);
INSERT INTO DEV.UITEM_PRICE (ITEM_ID,UITEM_ID,APPLY_DT,SALE_PRICE,DISCOUNT_PRICE,COST_PRICE,REG_ID,REG_DTS,MOD_ID,MOD_DTS) VALUES ( 91,34,'20120101',1400,0,700,'system',SYSDATE,'system',SYSDATE);
INSERT INTO DEV.UITEM_PRICE (ITEM_ID,UITEM_ID,APPLY_DT,SALE_PRICE,DISCOUNT_PRICE,COST_PRICE,REG_ID,REG_DTS,MOD_ID,MOD_DTS) VALUES ( 91,68,'20120101',1700,0,340,'system',SYSDATE,'system',SYSDATE);
INSERT INTO DEV.UITEM_PRICE (ITEM_ID,UITEM_ID,APPLY_DT,SALE_PRICE,DISCOUNT_PRICE,COST_PRICE,REG_ID,REG_DTS,MOD_ID,MOD_DTS) VALUES ( 92,13,'20120101',2300,0,1150,'system',SYSDATE,'system',SYSDATE);
INSERT INTO DEV.UITEM_PRICE (ITEM_ID,UITEM_ID,APPLY_DT,SALE_PRICE,DISCOUNT_PRICE,COST_PRICE,REG_ID,REG_DTS,MOD_ID,MOD_DTS) VALUES ( 92,34,'20120101',1400,0,700,'system',SYSDATE,'system',SYSDATE);
INSERT INTO DEV.UITEM_PRICE (ITEM_ID,UITEM_ID,APPLY_DT,SALE_PRICE,DISCOUNT_PRICE,COST_PRICE,REG_ID,REG_DTS,MOD_ID,MOD_DTS) VALUES ( 92,68,'20120101',1700,0,340,'system',SYSDATE,'system',SYSDATE);

INSERT INTO DEV.SHOP (SHOP_NO,SHOP_NM,ADDR,TEL,REG_ID,REG_DTS,MOD_ID,MOD_DTS) VALUES ( 'SH0001','      ',NULL,NULL,'SYSTEM',SYSDATE,'SYSTEM',SYSDATE);
INSERT INTO DEV.SHOP (SHOP_NO,SHOP_NM,ADDR,TEL,REG_ID,REG_DTS,MOD_ID,MOD_DTS) VALUES ( 'SH0002','     ',NULL,NULL,'SYSTEM',SYSDATE,'SYSTEM',SYSDATE);
INSERT INTO DEV.SHOP (SHOP_NO,SHOP_NM,ADDR,TEL,REG_ID,REG_DTS,MOD_ID,MOD_DTS) VALUES ( 'SH0003','ȫ   Ա   ',NULL,NULL,'SYSTEM',SYSDATE,'SYSTEM',SYSDATE);
INSERT INTO DEV.SHOP (SHOP_NO,SHOP_NM,ADDR,TEL,REG_ID,REG_DTS,MOD_ID,MOD_DTS) VALUES ( 'SH0004',' Ÿ   ',NULL,NULL,'SYSTEM',SYSDATE,'SYSTEM',SYSDATE);
INSERT INTO DEV.SHOP (SHOP_NO,SHOP_NM,ADDR,TEL,REG_ID,REG_DTS,MOD_ID,MOD_DTS) VALUES ( 'SH0005','   ε    д     ',NULL,NULL,'SYSTEM',SYSDATE,'SYSTEM',SYSDATE);
INSERT INTO DEV.SHOP (SHOP_NO,SHOP_NM,ADDR,TEL,REG_ID,REG_DTS,MOD_ID,MOD_DTS) VALUES ( 'SH0006',' Ｚ  ',NULL,NULL,'SYSTEM',SYSDATE,'SYSTEM',SYSDATE);
INSERT INTO DEV.SHOP (SHOP_NO,SHOP_NM,ADDR,TEL,REG_ID,REG_DTS,MOD_ID,MOD_DTS) VALUES ( 'SH0007','    ͹̳   ',NULL,NULL,'SYSTEM',SYSDATE,'SYSTEM',SYSDATE);
INSERT INTO DEV.SHOP (SHOP_NO,SHOP_NM,ADDR,TEL,REG_ID,REG_DTS,MOD_ID,MOD_DTS) VALUES ( 'SH0008',' ŵ     ',NULL,NULL,'SYSTEM',SYSDATE,'SYSTEM',SYSDATE);
INSERT INTO DEV.SHOP (SHOP_NO,SHOP_NM,ADDR,TEL,REG_ID,REG_DTS,MOD_ID,MOD_DTS) VALUES ( 'SH0009','      ',NULL,NULL,'SYSTEM',SYSDATE,'SYSTEM',SYSDATE);
INSERT INTO DEV.SHOP (SHOP_NO,SHOP_NM,ADDR,TEL,REG_ID,REG_DTS,MOD_ID,MOD_DTS) VALUES ( 'SH0010','   ￪  ',NULL,NULL,'SYSTEM',SYSDATE,'SYSTEM',SYSDATE);
INSERT INTO DEV.SHOP (SHOP_NO,SHOP_NM,ADDR,TEL,REG_ID,REG_DTS,MOD_ID,MOD_DTS) VALUES ( 'SH0011','      Ա   ',NULL,NULL,'SYSTEM',SYSDATE,'SYSTEM',SYSDATE);
INSERT INTO DEV.SHOP (SHOP_NO,SHOP_NM,ADDR,TEL,REG_ID,REG_DTS,MOD_ID,MOD_DTS) VALUES ( 'SH0012','       Ա   ',NULL,NULL,'SYSTEM',SYSDATE,'SYSTEM',SYSDATE);
INSERT INTO DEV.SHOP (SHOP_NO,SHOP_NM,ADDR,TEL,REG_ID,REG_DTS,MOD_ID,MOD_DTS) VALUES ( 'SH0013','      ',NULL,NULL,'SYSTEM',SYSDATE,'SYSTEM',SYSDATE);
INSERT INTO DEV.SHOP (SHOP_NO,SHOP_NM,ADDR,TEL,REG_ID,REG_DTS,MOD_ID,MOD_DTS) VALUES ( 'SH0014','      ',NULL,NULL,'SYSTEM',SYSDATE,'SYSTEM',SYSDATE);
INSERT INTO DEV.SHOP (SHOP_NO,SHOP_NM,ADDR,TEL,REG_ID,REG_DTS,MOD_ID,MOD_DTS) VALUES ( 'SH0015','      ',NULL,NULL,'SYSTEM',SYSDATE,'SYSTEM',SYSDATE);
INSERT INTO DEV.SHOP (SHOP_NO,SHOP_NM,ADDR,TEL,REG_ID,REG_DTS,MOD_ID,MOD_DTS) VALUES ( 'SH0016','      ',NULL,NULL,'SYSTEM',SYSDATE,'SYSTEM',SYSDATE);
INSERT INTO DEV.SHOP (SHOP_NO,SHOP_NM,ADDR,TEL,REG_ID,REG_DTS,MOD_ID,MOD_DTS) VALUES ( 'SH0017','        ',NULL,NULL,'SYSTEM',SYSDATE,'SYSTEM',SYSDATE);
INSERT INTO DEV.SHOP (SHOP_NO,SHOP_NM,ADDR,TEL,REG_ID,REG_DTS,MOD_ID,MOD_DTS) VALUES ( 'SH0018','      ',NULL,NULL,'SYSTEM',SYSDATE,'SYSTEM',SYSDATE);
INSERT INTO DEV.SHOP (SHOP_NO,SHOP_NM,ADDR,TEL,REG_ID,REG_DTS,MOD_ID,MOD_DTS) VALUES ( 'SH0019','      ',NULL,NULL,'SYSTEM',SYSDATE,'SYSTEM',SYSDATE);
INSERT INTO DEV.SHOP (SHOP_NO,SHOP_NM,ADDR,TEL,REG_ID,REG_DTS,MOD_ID,MOD_DTS) VALUES ( 'SH0020',' Ǵ  Ա   ',NULL,NULL,'SYSTEM',SYSDATE,'SYSTEM',SYSDATE);
INSERT INTO DEV.SHOP (SHOP_NO,SHOP_NM,ADDR,TEL,REG_ID,REG_DTS,MOD_ID,MOD_DTS) VALUES ( 'SH0021','   ų   ',NULL,NULL,'SYSTEM',SYSDATE,'SYSTEM',SYSDATE);
INSERT INTO DEV.SHOP (SHOP_NO,SHOP_NM,ADDR,TEL,REG_ID,REG_DTS,MOD_ID,MOD_DTS) VALUES ( 'SH0022','        д     ',NULL,NULL,'SYSTEM',SYSDATE,'SYSTEM',SYSDATE);
INSERT INTO DEV.SHOP (SHOP_NO,SHOP_NM,ADDR,TEL,REG_ID,REG_DTS,MOD_ID,MOD_DTS) VALUES ( 'SH0023','     ',NULL,NULL,'SYSTEM',SYSDATE,'SYSTEM',SYSDATE);
INSERT INTO DEV.SHOP (SHOP_NO,SHOP_NM,ADDR,TEL,REG_ID,REG_DTS,MOD_ID,MOD_DTS) VALUES ( 'SH0024','  ȭ  ',NULL,NULL,'SYSTEM',SYSDATE,'SYSTEM',SYSDATE);
INSERT INTO DEV.SHOP (SHOP_NO,SHOP_NM,ADDR,TEL,REG_ID,REG_DTS,MOD_ID,MOD_DTS) VALUES ( 'SH0025','     ',NULL,NULL,'SYSTEM',SYSDATE,'SYSTEM',SYSDATE);
INSERT INTO DEV.SHOP (SHOP_NO,SHOP_NM,ADDR,TEL,REG_ID,REG_DTS,MOD_ID,MOD_DTS) VALUES ( 'SH0026','  õ  ',NULL,NULL,'SYSTEM',SYSDATE,'SYSTEM',SYSDATE);
INSERT INTO DEV.SHOP (SHOP_NO,SHOP_NM,ADDR,TEL,REG_ID,REG_DTS,MOD_ID,MOD_DTS) VALUES ( 'SH0027','      ',NULL,NULL,'SYSTEM',SYSDATE,'SYSTEM',SYSDATE);
INSERT INTO DEV.SHOP (SHOP_NO,SHOP_NM,ADDR,TEL,REG_ID,REG_DTS,MOD_ID,MOD_DTS) VALUES ( 'SH0028','      ',NULL,NULL,'SYSTEM',SYSDATE,'SYSTEM',SYSDATE);
INSERT INTO DEV.SHOP (SHOP_NO,SHOP_NM,ADDR,TEL,REG_ID,REG_DTS,MOD_ID,MOD_DTS) VALUES ( 'SH0029','     ͹̳   ',NULL,NULL,'SYSTEM',SYSDATE,'SYSTEM',SYSDATE);
INSERT INTO DEV.SHOP (SHOP_NO,SHOP_NM,ADDR,TEL,REG_ID,REG_DTS,MOD_ID,MOD_DTS) VALUES ( 'SH0030','     ',NULL,NULL,'SYSTEM',SYSDATE,'SYSTEM',SYSDATE);
INSERT INTO DEV.SHOP (SHOP_NO,SHOP_NM,ADDR,TEL,REG_ID,REG_DTS,MOD_ID,MOD_DTS) VALUES ( 'SH0031','      ',NULL,NULL,'SYSTEM',SYSDATE,'SYSTEM',SYSDATE);
INSERT INTO DEV.SHOP (SHOP_NO,SHOP_NM,ADDR,TEL,REG_ID,REG_DTS,MOD_ID,MOD_DTS) VALUES ( 'SH0032','  ȭ    ',NULL,NULL,'SYSTEM',SYSDATE,'SYSTEM',SYSDATE);
INSERT INTO DEV.SHOP (SHOP_NO,SHOP_NM,ADDR,TEL,REG_ID,REG_DTS,MOD_ID,MOD_DTS) VALUES ( 'SH0033',' 湫    ',NULL,NULL,'SYSTEM',SYSDATE,'SYSTEM',SYSDATE);
INSERT INTO DEV.SHOP (SHOP_NO,SHOP_NM,ADDR,TEL,REG_ID,REG_DTS,MOD_ID,MOD_DTS) VALUES ( 'SH0034',' ۳   ',NULL,NULL,'SYSTEM',SYSDATE,'SYSTEM',SYSDATE);
INSERT INTO DEV.SHOP (SHOP_NO,SHOP_NM,ADDR,TEL,REG_ID,REG_DTS,MOD_ID,MOD_DTS) VALUES ( 'SH0035',' б     ',NULL,NULL,'SYSTEM',SYSDATE,'SYSTEM',SYSDATE);
INSERT INTO DEV.SHOP (SHOP_NO,SHOP_NM,ADDR,TEL,REG_ID,REG_DTS,MOD_ID,MOD_DTS) VALUES ( 'SH0036',' ֹ   ',NULL,NULL,'SYSTEM',SYSDATE,'SYSTEM',SYSDATE);
INSERT INTO DEV.SHOP (SHOP_NO,SHOP_NM,ADDR,TEL,REG_ID,REG_DTS,MOD_ID,MOD_DTS) VALUES ( 'SH0037','      ',NULL,NULL,'SYSTEM',SYSDATE,'SYSTEM',SYSDATE);
INSERT INTO DEV.SHOP (SHOP_NO,SHOP_NM,ADDR,TEL,REG_ID,REG_DTS,MOD_ID,MOD_DTS) VALUES ( 'SH0038','      ',NULL,NULL,'SYSTEM',SYSDATE,'SYSTEM',SYSDATE);
INSERT INTO DEV.SHOP (SHOP_NO,SHOP_NM,ADDR,TEL,REG_ID,REG_DTS,MOD_ID,MOD_DTS) VALUES ( 'SH0039','    3    ',NULL,NULL,'SYSTEM',SYSDATE,'SYSTEM',SYSDATE);
INSERT INTO DEV.SHOP (SHOP_NO,SHOP_NM,ADDR,TEL,REG_ID,REG_DTS,MOD_ID,MOD_DTS) VALUES ( 'SH0040',' Ż   ',NULL,NULL,'SYSTEM',SYSDATE,'SYSTEM',SYSDATE);
INSERT INTO DEV.SHOP (SHOP_NO,SHOP_NM,ADDR,TEL,REG_ID,REG_DTS,MOD_ID,MOD_DTS) VALUES ( 'SH0041','ȸ    ',NULL,NULL,'SYSTEM',SYSDATE,'SYSTEM',SYSDATE);
INSERT INTO DEV.SHOP (SHOP_NO,SHOP_NM,ADDR,TEL,REG_ID,REG_DTS,MOD_ID,MOD_DTS) VALUES ( 'SH0042','        ',NULL,NULL,'SYSTEM',SYSDATE,'SYSTEM',SYSDATE);
INSERT INTO DEV.SHOP (SHOP_NO,SHOP_NM,ADDR,TEL,REG_ID,REG_DTS,MOD_ID,MOD_DTS) VALUES ( 'SH0043','  ġ    ',NULL,NULL,'SYSTEM',SYSDATE,'SYSTEM',SYSDATE);
INSERT INTO DEV.SHOP (SHOP_NO,SHOP_NM,ADDR,TEL,REG_ID,REG_DTS,MOD_ID,MOD_DTS) VALUES ( 'SH0044','ȭ    ',NULL,NULL,'SYSTEM',SYSDATE,'SYSTEM',SYSDATE);
INSERT INTO DEV.SHOP (SHOP_NO,SHOP_NM,ADDR,TEL,REG_ID,REG_DTS,MOD_ID,MOD_DTS) VALUES ( 'SH0045','      ',NULL,NULL,'SYSTEM',SYSDATE,'SYSTEM',SYSDATE);
INSERT INTO DEV.SHOP (SHOP_NO,SHOP_NM,ADDR,TEL,REG_ID,REG_DTS,MOD_ID,MOD_DTS) VALUES ( 'SH0046','ȸ    ',NULL,NULL,'SYSTEM',SYSDATE,'SYSTEM',SYSDATE);
INSERT INTO DEV.SHOP (SHOP_NO,SHOP_NM,ADDR,TEL,REG_ID,REG_DTS,MOD_ID,MOD_DTS) VALUES ( 'SH0047',' ̾ƻ Ÿ   ',NULL,NULL,'SYSTEM',SYSDATE,'SYSTEM',SYSDATE);
INSERT INTO DEV.SHOP (SHOP_NO,SHOP_NM,ADDR,TEL,REG_ID,REG_DTS,MOD_ID,MOD_DTS) VALUES ( 'SH0048','      ',NULL,NULL,'SYSTEM',SYSDATE,'SYSTEM',SYSDATE);
INSERT INTO DEV.SHOP (SHOP_NO,SHOP_NM,ADDR,TEL,REG_ID,REG_DTS,MOD_ID,MOD_DTS) VALUES ( 'SH0049',' ų     ',NULL,NULL,'SYSTEM',SYSDATE,'SYSTEM',SYSDATE);
INSERT INTO DEV.SHOP (SHOP_NO,SHOP_NM,ADDR,TEL,REG_ID,REG_DTS,MOD_ID,MOD_DTS) VALUES ( 'SH0050','  ž  ',NULL,NULL,'SYSTEM',SYSDATE,'SYSTEM',SYSDATE);
INSERT INTO DEV.SHOP (SHOP_NO,SHOP_NM,ADDR,TEL,REG_ID,REG_DTS,MOD_ID,MOD_DTS) VALUES ( 'SH0051','â    ',NULL,NULL,'SYSTEM',SYSDATE,'SYSTEM',SYSDATE);
INSERT INTO DEV.SHOP (SHOP_NO,SHOP_NM,ADDR,TEL,REG_ID,REG_DTS,MOD_ID,MOD_DTS) VALUES ( 'SH0052',' Ⱦ   ',NULL,NULL,'SYSTEM',SYSDATE,'SYSTEM',SYSDATE);
INSERT INTO DEV.SHOP (SHOP_NO,SHOP_NM,ADDR,TEL,REG_ID,REG_DTS,MOD_ID,MOD_DTS) VALUES ( 'SH0053',' Ŵ    ',NULL,NULL,'SYSTEM',SYSDATE,'SYSTEM',SYSDATE);
INSERT INTO DEV.SHOP (SHOP_NO,SHOP_NM,ADDR,TEL,REG_ID,REG_DTS,MOD_ID,MOD_DTS) VALUES ( 'SH0054','      ',NULL,NULL,'SYSTEM',SYSDATE,'SYSTEM',SYSDATE);
INSERT INTO DEV.SHOP (SHOP_NO,SHOP_NM,ADDR,TEL,REG_ID,REG_DTS,MOD_ID,MOD_DTS) VALUES ( 'SH0055',' 븲  ',NULL,NULL,'SYSTEM',SYSDATE,'SYSTEM',SYSDATE);
INSERT INTO DEV.SHOP (SHOP_NO,SHOP_NM,ADDR,TEL,REG_ID,REG_DTS,MOD_ID,MOD_DTS) VALUES ( 'SH0056','      ',NULL,NULL,'SYSTEM',SYSDATE,'SYSTEM',SYSDATE);
INSERT INTO DEV.SHOP (SHOP_NO,SHOP_NM,ADDR,TEL,REG_ID,REG_DTS,MOD_ID,MOD_DTS) VALUES ( 'SH0057','  ǻ     ',NULL,NULL,'SYSTEM',SYSDATE,'SYSTEM',SYSDATE);
INSERT INTO DEV.SHOP (SHOP_NO,SHOP_NM,ADDR,TEL,REG_ID,REG_DTS,MOD_ID,MOD_DTS) VALUES ( 'SH0058',' 뷮    ',NULL,NULL,'SYSTEM',SYSDATE,'SYSTEM',SYSDATE);
INSERT INTO DEV.SHOP (SHOP_NO,SHOP_NM,ADDR,TEL,REG_ID,REG_DTS,MOD_ID,MOD_DTS) VALUES ( 'SH0059',' δ     ',NULL,NULL,'SYSTEM',SYSDATE,'SYSTEM',SYSDATE);
INSERT INTO DEV.SHOP (SHOP_NO,SHOP_NM,ADDR,TEL,REG_ID,REG_DTS,MOD_ID,MOD_DTS) VALUES ( 'SH0060',' ȱ   ',NULL,NULL,'SYSTEM',SYSDATE,'SYSTEM',SYSDATE);
INSERT INTO DEV.SHOP (SHOP_NO,SHOP_NM,ADDR,TEL,REG_ID,REG_DTS,MOD_ID,MOD_DTS) VALUES ( 'SH0061','     Ÿ   ',NULL,NULL,'SYSTEM',SYSDATE,'SYSTEM',SYSDATE);
INSERT INTO DEV.SHOP (SHOP_NO,SHOP_NM,ADDR,TEL,REG_ID,REG_DTS,MOD_ID,MOD_DTS) VALUES ( 'SH0062',' 溹    ',NULL,NULL,'SYSTEM',SYSDATE,'SYSTEM',SYSDATE);
INSERT INTO DEV.SHOP (SHOP_NO,SHOP_NM,ADDR,TEL,REG_ID,REG_DTS,MOD_ID,MOD_DTS) VALUES ( 'SH0063','  û  ',NULL,NULL,'SYSTEM',SYSDATE,'SYSTEM',SYSDATE);
INSERT INTO DEV.SHOP (SHOP_NO,SHOP_NM,ADDR,TEL,REG_ID,REG_DTS,MOD_ID,MOD_DTS) VALUES ( 'SH0064','   ſ    Ա   ',NULL,NULL,'SYSTEM',SYSDATE,'SYSTEM',SYSDATE);
INSERT INTO DEV.SHOP (SHOP_NO,SHOP_NM,ADDR,TEL,REG_ID,REG_DTS,MOD_ID,MOD_DTS) VALUES ( 'SH0065','   빮  ',NULL,NULL,'SYSTEM',SYSDATE,'SYSTEM',SYSDATE);
INSERT INTO DEV.SHOP (SHOP_NO,SHOP_NM,ADDR,TEL,REG_ID,REG_DTS,MOD_ID,MOD_DTS) VALUES ( 'SH0066','û      ',NULL,NULL,'SYSTEM',SYSDATE,'SYSTEM',SYSDATE);
INSERT INTO DEV.SHOP (SHOP_NO,SHOP_NM,ADDR,TEL,REG_ID,REG_DTS,MOD_ID,MOD_DTS) VALUES ( 'SH0067',' ־   ',NULL,NULL,'SYSTEM',SYSDATE,'SYSTEM',SYSDATE);
INSERT INTO DEV.SHOP (SHOP_NO,SHOP_NM,ADDR,TEL,REG_ID,REG_DTS,MOD_ID,MOD_DTS) VALUES ( 'SH0068','      ',NULL,NULL,'SYSTEM',SYSDATE,'SYSTEM',SYSDATE);
INSERT INTO DEV.SHOP (SHOP_NO,SHOP_NM,ADDR,TEL,REG_ID,REG_DTS,MOD_ID,MOD_DTS) VALUES ( 'SH0069','    5    ',NULL,NULL,'SYSTEM',SYSDATE,'SYSTEM',SYSDATE);
INSERT INTO DEV.SHOP (SHOP_NO,SHOP_NM,ADDR,TEL,REG_ID,REG_DTS,MOD_ID,MOD_DTS) VALUES ( 'SH0070','   ǵ   ',NULL,NULL,'SYSTEM',SYSDATE,'SYSTEM',SYSDATE);
INSERT INTO DEV.SHOP (SHOP_NO,SHOP_NM,ADDR,TEL,REG_ID,REG_DTS,MOD_ID,MOD_DTS) VALUES ( 'SH0071','      ',NULL,NULL,'SYSTEM',SYSDATE,'SYSTEM',SYSDATE);
INSERT INTO DEV.SHOP (SHOP_NO,SHOP_NM,ADDR,TEL,REG_ID,REG_DTS,MOD_ID,MOD_DTS) VALUES ( 'SH0072','      ',NULL,NULL,'SYSTEM',SYSDATE,'SYSTEM',SYSDATE);
INSERT INTO DEV.SHOP (SHOP_NO,SHOP_NM,ADDR,TEL,REG_ID,REG_DTS,MOD_ID,MOD_DTS) VALUES ( 'SH0073','ö    ',NULL,NULL,'SYSTEM',SYSDATE,'SYSTEM',SYSDATE);
INSERT INTO DEV.SHOP (SHOP_NO,SHOP_NM,ADDR,TEL,REG_ID,REG_DTS,MOD_ID,MOD_DTS) VALUES ( 'SH0074','      ',NULL,NULL,'SYSTEM',SYSDATE,'SYSTEM',SYSDATE);
INSERT INTO DEV.SHOP (SHOP_NO,SHOP_NM,ADDR,TEL,REG_ID,REG_DTS,MOD_ID,MOD_DTS) VALUES ( 'SH0075','  õ  ',NULL,NULL,'SYSTEM',SYSDATE,'SYSTEM',SYSDATE);
INSERT INTO DEV.SHOP (SHOP_NO,SHOP_NM,ADDR,TEL,REG_ID,REG_DTS,MOD_ID,MOD_DTS) VALUES ( 'SH0076','      3    ',NULL,NULL,'SYSTEM',SYSDATE,'SYSTEM',SYSDATE);
INSERT INTO DEV.SHOP (SHOP_NO,SHOP_NM,ADDR,TEL,REG_ID,REG_DTS,MOD_ID,MOD_DTS) VALUES ( 'SH0077','      ',NULL,NULL,'SYSTEM',SYSDATE,'SYSTEM',SYSDATE);
INSERT INTO DEV.SHOP (SHOP_NO,SHOP_NM,ADDR,TEL,REG_ID,REG_DTS,MOD_ID,MOD_DTS) VALUES ( 'SH0078','     ',NULL,NULL,'SYSTEM',SYSDATE,'SYSTEM',SYSDATE);
INSERT INTO DEV.SHOP (SHOP_NO,SHOP_NM,ADDR,TEL,REG_ID,REG_DTS,MOD_ID,MOD_DTS) VALUES ( 'SH0079','        û  ',NULL,NULL,'SYSTEM',SYSDATE,'SYSTEM',SYSDATE);
INSERT INTO DEV.SHOP (SHOP_NO,SHOP_NM,ADDR,TEL,REG_ID,REG_DTS,MOD_ID,MOD_DTS) VALUES ( 'SH0080',' ѽŴ  Ա   ',NULL,NULL,'SYSTEM',SYSDATE,'SYSTEM',SYSDATE);
INSERT INTO DEV.SHOP (SHOP_NO,SHOP_NM,ADDR,TEL,REG_ID,REG_DTS,MOD_ID,MOD_DTS) VALUES ( 'SH0081','     ',NULL,NULL,'SYSTEM',SYSDATE,'SYSTEM',SYSDATE);
INSERT INTO DEV.SHOP (SHOP_NO,SHOP_NM,ADDR,TEL,REG_ID,REG_DTS,MOD_ID,MOD_DTS) VALUES ( 'SH0082',' е   ',NULL,NULL,'SYSTEM',SYSDATE,'SYSTEM',SYSDATE);
INSERT INTO DEV.SHOP (SHOP_NO,SHOP_NM,ADDR,TEL,REG_ID,REG_DTS,MOD_ID,MOD_DTS) VALUES ( 'SH0083','   빮   繮ȭ      ',NULL,NULL,'SYSTEM',SYSDATE,'SYSTEM',SYSDATE);
INSERT INTO DEV.SHOP (SHOP_NO,SHOP_NM,ADDR,TEL,REG_ID,REG_DTS,MOD_ID,MOD_DTS) VALUES ( 'SH0084','     ',NULL,NULL,'SYSTEM',SYSDATE,'SYSTEM',SYSDATE);
INSERT INTO DEV.SHOP (SHOP_NO,SHOP_NM,ADDR,TEL,REG_ID,REG_DTS,MOD_ID,MOD_DTS) VALUES ( 'SH0085','     ',NULL,NULL,'SYSTEM',SYSDATE,'SYSTEM',SYSDATE);
INSERT INTO DEV.SHOP (SHOP_NO,SHOP_NM,ADDR,TEL,REG_ID,REG_DTS,MOD_ID,MOD_DTS) VALUES ( 'SH0086',' ̴   ',NULL,NULL,'SYSTEM',SYSDATE,'SYSTEM',SYSDATE);
INSERT INTO DEV.SHOP (SHOP_NO,SHOP_NM,ADDR,TEL,REG_ID,REG_DTS,MOD_ID,MOD_DTS) VALUES ( 'SH0087','  ϼ   ',NULL,NULL,'SYSTEM',SYSDATE,'SYSTEM',SYSDATE);
INSERT INTO DEV.SHOP (SHOP_NO,SHOP_NM,ADDR,TEL,REG_ID,REG_DTS,MOD_ID,MOD_DTS) VALUES ( 'SH0088','     ',NULL,NULL,'SYSTEM',SYSDATE,'SYSTEM',SYSDATE);
INSERT INTO DEV.SHOP (SHOP_NO,SHOP_NM,ADDR,TEL,REG_ID,REG_DTS,MOD_ID,MOD_DTS) VALUES ( 'SH0089','   ǵ   ',NULL,NULL,'SYSTEM',SYSDATE,'SYSTEM',SYSDATE);
INSERT INTO DEV.SHOP (SHOP_NO,SHOP_NM,ADDR,TEL,REG_ID,REG_DTS,MOD_ID,MOD_DTS) VALUES ( 'SH0090','      ',NULL,NULL,'SYSTEM',SYSDATE,'SYSTEM',SYSDATE);
INSERT INTO DEV.SHOP (SHOP_NO,SHOP_NM,ADDR,TEL,REG_ID,REG_DTS,MOD_ID,MOD_DTS) VALUES ( 'SH0091','      ',NULL,NULL,'SYSTEM',SYSDATE,'SYSTEM',SYSDATE);
INSERT INTO DEV.SHOP (SHOP_NO,SHOP_NM,ADDR,TEL,REG_ID,REG_DTS,MOD_ID,MOD_DTS) VALUES ( 'SH0092','   Ĺ   ',NULL,NULL,'SYSTEM',SYSDATE,'SYSTEM',SYSDATE);
INSERT INTO DEV.SHOP (SHOP_NO,SHOP_NM,ADDR,TEL,REG_ID,REG_DTS,MOD_ID,MOD_DTS) VALUES ( 'SH0093','û    ',NULL,NULL,'SYSTEM',SYSDATE,'SYSTEM',SYSDATE);
INSERT INTO DEV.SHOP (SHOP_NO,SHOP_NM,ADDR,TEL,REG_ID,REG_DTS,MOD_ID,MOD_DTS) VALUES ( 'SH0094','      ',NULL,NULL,'SYSTEM',SYSDATE,'SYSTEM',SYSDATE);
INSERT INTO DEV.SHOP (SHOP_NO,SHOP_NM,ADDR,TEL,REG_ID,REG_DTS,MOD_ID,MOD_DTS) VALUES ( 'SH0095','õȣ  ',NULL,NULL,'SYSTEM',SYSDATE,'SYSTEM',SYSDATE);
INSERT INTO DEV.SHOP (SHOP_NO,SHOP_NM,ADDR,TEL,REG_ID,REG_DTS,MOD_ID,MOD_DTS) VALUES ( 'SH0096','      ',NULL,NULL,'SYSTEM',SYSDATE,'SYSTEM',SYSDATE);
INSERT INTO DEV.SHOP (SHOP_NO,SHOP_NM,ADDR,TEL,REG_ID,REG_DTS,MOD_ID,MOD_DTS) VALUES ( 'SH0097',' ϰ   ',NULL,NULL,'SYSTEM',SYSDATE,'SYSTEM',SYSDATE);
INSERT INTO DEV.SHOP (SHOP_NO,SHOP_NM,ADDR,TEL,REG_ID,REG_DTS,MOD_ID,MOD_DTS) VALUES ( 'SH0098',' սʸ   ',NULL,NULL,'SYSTEM',SYSDATE,'SYSTEM',SYSDATE);
INSERT INTO DEV.SHOP (SHOP_NO,SHOP_NM,ADDR,TEL,REG_ID,REG_DTS,MOD_ID,MOD_DTS) VALUES ( 'SH0099','      ',NULL,NULL,'SYSTEM',SYSDATE,'SYSTEM',SYSDATE);
INSERT INTO DEV.SHOP (SHOP_NO,SHOP_NM,ADDR,TEL,REG_ID,REG_DTS,MOD_ID,MOD_DTS) VALUES ( 'SH0100','ȫ    ',NULL,NULL,'SYSTEM',SYSDATE,'SYSTEM',SYSDATE);
INSERT INTO DEV.SHOP (SHOP_NO,SHOP_NM,ADDR,TEL,REG_ID,REG_DTS,MOD_ID,MOD_DTS) VALUES ( 'SH0101','        ',NULL,NULL,'SYSTEM',SYSDATE,'SYSTEM',SYSDATE);
INSERT INTO DEV.SHOP (SHOP_NO,SHOP_NM,ADDR,TEL,REG_ID,REG_DTS,MOD_ID,MOD_DTS) VALUES ( 'SH0102','   빮  ',NULL,NULL,'SYSTEM',SYSDATE,'SYSTEM',SYSDATE);
INSERT INTO DEV.SHOP (SHOP_NO,SHOP_NM,ADDR,TEL,REG_ID,REG_DTS,MOD_ID,MOD_DTS) VALUES ( 'SH0103','      ',NULL,NULL,'SYSTEM',SYSDATE,'SYSTEM',SYSDATE);
INSERT INTO DEV.SHOP (SHOP_NO,SHOP_NM,ADDR,TEL,REG_ID,REG_DTS,MOD_ID,MOD_DTS) VALUES ( 'SH0104','        ',NULL,NULL,'SYSTEM',SYSDATE,'SYSTEM',SYSDATE);
INSERT INTO DEV.SHOP (SHOP_NO,SHOP_NM,ADDR,TEL,REG_ID,REG_DTS,MOD_ID,MOD_DTS) VALUES ( 'SH0105','   ⵿  ',NULL,NULL,'SYSTEM',SYSDATE,'SYSTEM',SYSDATE);
INSERT INTO DEV.SHOP (SHOP_NO,SHOP_NM,ADDR,TEL,REG_ID,REG_DTS,MOD_ID,MOD_DTS) VALUES ( 'SH0106',' ұ   ',NULL,NULL,'SYSTEM',SYSDATE,'SYSTEM',SYSDATE);
INSERT INTO DEV.SHOP (SHOP_NO,SHOP_NM,ADDR,TEL,REG_ID,REG_DTS,MOD_ID,MOD_DTS) VALUES ( 'SH0107','ȭ    ',NULL,NULL,'SYSTEM',SYSDATE,'SYSTEM',SYSDATE);
INSERT INTO DEV.SHOP (SHOP_NO,SHOP_NM,ADDR,TEL,REG_ID,REG_DTS,MOD_ID,MOD_DTS) VALUES ( 'SH0108','  ǳ     ',NULL,NULL,'SYSTEM',SYSDATE,'SYSTEM',SYSDATE);
INSERT INTO DEV.SHOP (SHOP_NO,SHOP_NM,ADDR,TEL,REG_ID,REG_DTS,MOD_ID,MOD_DTS) VALUES ( 'SH0109','    ',NULL,NULL,'SYSTEM',SYSDATE,'SYSTEM',SYSDATE);
INSERT INTO DEV.SHOP (SHOP_NO,SHOP_NM,ADDR,TEL,REG_ID,REG_DTS,MOD_ID,MOD_DTS) VALUES ( 'SH0110','      ',NULL,NULL,'SYSTEM',SYSDATE,'SYSTEM',SYSDATE);
INSERT INTO DEV.SHOP (SHOP_NO,SHOP_NM,ADDR,TEL,REG_ID,REG_DTS,MOD_ID,MOD_DTS) VALUES ( 'SH0111',' ϻ   ',NULL,NULL,'SYSTEM',SYSDATE,'SYSTEM',SYSDATE);
INSERT INTO DEV.SHOP (SHOP_NO,SHOP_NM,ADDR,TEL,REG_ID,REG_DTS,MOD_ID,MOD_DTS) VALUES ( 'SH0112','      ',NULL,NULL,'SYSTEM',SYSDATE,'SYSTEM',SYSDATE);
INSERT INTO DEV.SHOP (SHOP_NO,SHOP_NM,ADDR,TEL,REG_ID,REG_DTS,MOD_ID,MOD_DTS) VALUES ( 'SH0113','      ',NULL,NULL,'SYSTEM',SYSDATE,'SYSTEM',SYSDATE);
INSERT INTO DEV.SHOP (SHOP_NO,SHOP_NM,ADDR,TEL,REG_ID,REG_DTS,MOD_ID,MOD_DTS) VALUES ( 'SH0114',' 꺻  ',NULL,NULL,'SYSTEM',SYSDATE,'SYSTEM',SYSDATE);
INSERT INTO DEV.SHOP (SHOP_NO,SHOP_NM,ADDR,TEL,REG_ID,REG_DTS,MOD_ID,MOD_DTS) VALUES ( 'SH0115','   Ǵ  Ա   ',NULL,NULL,'SYSTEM',SYSDATE,'SYSTEM',SYSDATE);
INSERT INTO DEV.SHOP (SHOP_NO,SHOP_NM,ADDR,TEL,REG_ID,REG_DTS,MOD_ID,MOD_DTS) VALUES ( 'SH0116',' Ѽ    Ա   ',NULL,NULL,'SYSTEM',SYSDATE,'SYSTEM',SYSDATE);
INSERT INTO DEV.SHOP (SHOP_NO,SHOP_NM,ADDR,TEL,REG_ID,REG_DTS,MOD_ID,MOD_DTS) VALUES ( 'SH0117','      ',NULL,NULL,'SYSTEM',SYSDATE,'SYSTEM',SYSDATE);
INSERT INTO DEV.SHOP (SHOP_NO,SHOP_NM,ADDR,TEL,REG_ID,REG_DTS,MOD_ID,MOD_DTS) VALUES ( 'SH0118','     Ա   ',NULL,NULL,'SYSTEM',SYSDATE,'SYSTEM',SYSDATE);
INSERT INTO DEV.SHOP (SHOP_NO,SHOP_NM,ADDR,TEL,REG_ID,REG_DTS,MOD_ID,MOD_DTS) VALUES ( 'SH0119',' Ҽ   ',NULL,NULL,'SYSTEM',SYSDATE,'SYSTEM',SYSDATE);
INSERT INTO DEV.SHOP (SHOP_NO,SHOP_NM,ADDR,TEL,REG_ID,REG_DTS,MOD_ID,MOD_DTS) VALUES ( 'SH0120','      ',NULL,NULL,'SYSTEM',SYSDATE,'SYSTEM',SYSDATE);
INSERT INTO DEV.SHOP (SHOP_NO,SHOP_NM,ADDR,TEL,REG_ID,REG_DTS,MOD_ID,MOD_DTS) VALUES ( 'SH0121',' ̾   ',NULL,NULL,'SYSTEM',SYSDATE,'SYSTEM',SYSDATE);
INSERT INTO DEV.SHOP (SHOP_NO,SHOP_NM,ADDR,TEL,REG_ID,REG_DTS,MOD_ID,MOD_DTS) VALUES ( 'SH0122','    õ  ',NULL,NULL,'SYSTEM',SYSDATE,'SYSTEM',SYSDATE);
INSERT INTO DEV.SHOP (SHOP_NO,SHOP_NM,ADDR,TEL,REG_ID,REG_DTS,MOD_ID,MOD_DTS) VALUES ( 'SH0123',' ߻   ',NULL,NULL,'SYSTEM',SYSDATE,'SYSTEM',SYSDATE);
INSERT INTO DEV.SHOP (SHOP_NO,SHOP_NM,ADDR,TEL,REG_ID,REG_DTS,MOD_ID,MOD_DTS) VALUES ( 'SH0124','  ȸ ǻ    ',NULL,NULL,'SYSTEM',SYSDATE,'SYSTEM',SYSDATE);
INSERT INTO DEV.SHOP (SHOP_NO,SHOP_NM,ADDR,TEL,REG_ID,REG_DTS,MOD_ID,MOD_DTS) VALUES ( 'SH0125','   հ     ',NULL,NULL,'SYSTEM',SYSDATE,'SYSTEM',SYSDATE);
INSERT INTO DEV.SHOP (SHOP_NO,SHOP_NM,ADDR,TEL,REG_ID,REG_DTS,MOD_ID,MOD_DTS) VALUES ( 'SH0126','      ',NULL,NULL,'SYSTEM',SYSDATE,'SYSTEM',SYSDATE);
INSERT INTO DEV.SHOP (SHOP_NO,SHOP_NM,ADDR,TEL,REG_ID,REG_DTS,MOD_ID,MOD_DTS) VALUES ( 'SH0127',' ߾   ',NULL,NULL,'SYSTEM',SYSDATE,'SYSTEM',SYSDATE);
INSERT INTO DEV.SHOP (SHOP_NO,SHOP_NM,ADDR,TEL,REG_ID,REG_DTS,MOD_ID,MOD_DTS) VALUES ( 'SH0128','      ',NULL,NULL,'SYSTEM',SYSDATE,'SYSTEM',SYSDATE);
INSERT INTO DEV.SHOP (SHOP_NO,SHOP_NM,ADDR,TEL,REG_ID,REG_DTS,MOD_ID,MOD_DTS) VALUES ( 'SH0129','     ',NULL,NULL,'SYSTEM',SYSDATE,'SYSTEM',SYSDATE);
INSERT INTO DEV.SHOP (SHOP_NO,SHOP_NM,ADDR,TEL,REG_ID,REG_DTS,MOD_ID,MOD_DTS) VALUES ( 'SH0130',' ̱   ',NULL,NULL,'SYSTEM',SYSDATE,'SYSTEM',SYSDATE);
INSERT INTO DEV.SHOP (SHOP_NO,SHOP_NM,ADDR,TEL,REG_ID,REG_DTS,MOD_ID,MOD_DTS) VALUES ( 'SH0131','     ',NULL,NULL,'SYSTEM',SYSDATE,'SYSTEM',SYSDATE);
INSERT INTO DEV.SHOP (SHOP_NO,SHOP_NM,ADDR,TEL,REG_ID,REG_DTS,MOD_ID,MOD_DTS) VALUES ( 'SH0132','  ̴      ',NULL,NULL,'SYSTEM',SYSDATE,'SYSTEM',SYSDATE);
INSERT INTO DEV.SHOP (SHOP_NO,SHOP_NM,ADDR,TEL,REG_ID,REG_DTS,MOD_ID,MOD_DTS) VALUES ( 'SH0133',' ̼   ',NULL,NULL,'SYSTEM',SYSDATE,'SYSTEM',SYSDATE);
INSERT INTO DEV.SHOP (SHOP_NO,SHOP_NM,ADDR,TEL,REG_ID,REG_DTS,MOD_ID,MOD_DTS) VALUES ( 'SH0134','      ',NULL,NULL,'SYSTEM',SYSDATE,'SYSTEM',SYSDATE);
INSERT INTO DEV.SHOP (SHOP_NO,SHOP_NM,ADDR,TEL,REG_ID,REG_DTS,MOD_ID,MOD_DTS) VALUES ( 'SH0135',' Ŵ   Ÿ   ',NULL,NULL,'SYSTEM',SYSDATE,'SYSTEM',SYSDATE);
INSERT INTO DEV.SHOP (SHOP_NO,SHOP_NM,ADDR,TEL,REG_ID,REG_DTS,MOD_ID,MOD_DTS) VALUES ( 'SH0136','      ',NULL,NULL,'SYSTEM',SYSDATE,'SYSTEM',SYSDATE);
INSERT INTO DEV.SHOP (SHOP_NO,SHOP_NM,ADDR,TEL,REG_ID,REG_DTS,MOD_ID,MOD_DTS) VALUES ( 'SH0137','      ',NULL,NULL,'SYSTEM',SYSDATE,'SYSTEM',SYSDATE);
INSERT INTO DEV.SHOP (SHOP_NO,SHOP_NM,ADDR,TEL,REG_ID,REG_DTS,MOD_ID,MOD_DTS) VALUES ( 'SH0138','  â  ',NULL,NULL,'SYSTEM',SYSDATE,'SYSTEM',SYSDATE);
INSERT INTO DEV.SHOP (SHOP_NO,SHOP_NM,ADDR,TEL,REG_ID,REG_DTS,MOD_ID,MOD_DTS) VALUES ( 'SH0139','       ',NULL,NULL,'SYSTEM',SYSDATE,'SYSTEM',SYSDATE);
INSERT INTO DEV.SHOP (SHOP_NO,SHOP_NM,ADDR,TEL,REG_ID,REG_DTS,MOD_ID,MOD_DTS) VALUES ( 'SH0140','  ʸ   ',NULL,NULL,'SYSTEM',SYSDATE,'SYSTEM',SYSDATE);
INSERT INTO DEV.SHOP (SHOP_NO,SHOP_NM,ADDR,TEL,REG_ID,REG_DTS,MOD_ID,MOD_DTS) VALUES ( 'SH0141','        ',NULL,NULL,'SYSTEM',SYSDATE,'SYSTEM',SYSDATE);
INSERT INTO DEV.SHOP (SHOP_NO,SHOP_NM,ADDR,TEL,REG_ID,REG_DTS,MOD_ID,MOD_DTS) VALUES ( 'SH0142',' ż     ',NULL,NULL,'SYSTEM',SYSDATE,'SYSTEM',SYSDATE);
INSERT INTO DEV.SHOP (SHOP_NO,SHOP_NM,ADDR,TEL,REG_ID,REG_DTS,MOD_ID,MOD_DTS) VALUES ( 'SH0143',' ſ    ',NULL,NULL,'SYSTEM',SYSDATE,'SYSTEM',SYSDATE);
INSERT INTO DEV.SHOP (SHOP_NO,SHOP_NM,ADDR,TEL,REG_ID,REG_DTS,MOD_ID,MOD_DTS) VALUES ( 'SH0144','   ¿   ',NULL,NULL,'SYSTEM',SYSDATE,'SYSTEM',SYSDATE);
INSERT INTO DEV.SHOP (SHOP_NO,SHOP_NM,ADDR,TEL,REG_ID,REG_DTS,MOD_ID,MOD_DTS) VALUES ( 'SH0145',' 簡    ',NULL,NULL,'SYSTEM',SYSDATE,'SYSTEM',SYSDATE);
INSERT INTO DEV.SHOP (SHOP_NO,SHOP_NM,ADDR,TEL,REG_ID,REG_DTS,MOD_ID,MOD_DTS) VALUES ( 'SH0146',' ߰   ',NULL,NULL,'SYSTEM',SYSDATE,'SYSTEM',SYSDATE);
INSERT INTO DEV.SHOP (SHOP_NO,SHOP_NM,ADDR,TEL,REG_ID,REG_DTS,MOD_ID,MOD_DTS) VALUES ( 'SH0147','     ',NULL,NULL,'SYSTEM',SYSDATE,'SYSTEM',SYSDATE);
INSERT INTO DEV.SHOP (SHOP_NO,SHOP_NM,ADDR,TEL,REG_ID,REG_DTS,MOD_ID,MOD_DTS) VALUES ( 'SH0148','     ',NULL,NULL,'SYSTEM',SYSDATE,'SYSTEM',SYSDATE);
INSERT INTO DEV.SHOP (SHOP_NO,SHOP_NM,ADDR,TEL,REG_ID,REG_DTS,MOD_ID,MOD_DTS) VALUES ( 'SH0149','   ѻ꼺 Ա   ',NULL,NULL,'SYSTEM',SYSDATE,'SYSTEM',SYSDATE);
INSERT INTO DEV.SHOP (SHOP_NO,SHOP_NM,ADDR,TEL,REG_ID,REG_DTS,MOD_ID,MOD_DTS) VALUES ( 'SH0150',' б    ε     ',NULL,NULL,'SYSTEM',SYSDATE,'SYSTEM',SYSDATE);
INSERT INTO DEV.SHOP (SHOP_NO,SHOP_NM,ADDR,TEL,REG_ID,REG_DTS,MOD_ID,MOD_DTS) VALUES ( 'SH0151',' Ȼ   ',NULL,NULL,'SYSTEM',SYSDATE,'SYSTEM',SYSDATE);
INSERT INTO DEV.SHOP (SHOP_NO,SHOP_NM,ADDR,TEL,REG_ID,REG_DTS,MOD_ID,MOD_DTS) VALUES ( 'SH0152',' Ŵ   ',NULL,NULL,'SYSTEM',SYSDATE,'SYSTEM',SYSDATE);
INSERT INTO DEV.SHOP (SHOP_NO,SHOP_NM,ADDR,TEL,REG_ID,REG_DTS,MOD_ID,MOD_DTS) VALUES ( 'SH0153','        ',NULL,NULL,'SYSTEM',SYSDATE,'SYSTEM',SYSDATE);
INSERT INTO DEV.SHOP (SHOP_NO,SHOP_NM,ADDR,TEL,REG_ID,REG_DTS,MOD_ID,MOD_DTS) VALUES ( 'SH0154','      ',NULL,NULL,'SYSTEM',SYSDATE,'SYSTEM',SYSDATE);
INSERT INTO DEV.SHOP (SHOP_NO,SHOP_NM,ADDR,TEL,REG_ID,REG_DTS,MOD_ID,MOD_DTS) VALUES ( 'SH0155','   ߵ   ',NULL,NULL,'SYSTEM',SYSDATE,'SYSTEM',SYSDATE);
INSERT INTO DEV.SHOP (SHOP_NO,SHOP_NM,ADDR,TEL,REG_ID,REG_DTS,MOD_ID,MOD_DTS) VALUES ( 'SH0156','      û  ',NULL,NULL,'SYSTEM',SYSDATE,'SYSTEM',SYSDATE);
INSERT INTO DEV.SHOP (SHOP_NO,SHOP_NM,ADDR,TEL,REG_ID,REG_DTS,MOD_ID,MOD_DTS) VALUES ( 'SH0157','  ȭ  ',NULL,NULL,'SYSTEM',SYSDATE,'SYSTEM',SYSDATE);
INSERT INTO DEV.SHOP (SHOP_NO,SHOP_NM,ADDR,TEL,REG_ID,REG_DTS,MOD_ID,MOD_DTS) VALUES ( 'SH0158',' Ⱦ   ',NULL,NULL,'SYSTEM',SYSDATE,'SYSTEM',SYSDATE);
INSERT INTO DEV.SHOP (SHOP_NO,SHOP_NM,ADDR,TEL,REG_ID,REG_DTS,MOD_ID,MOD_DTS) VALUES ( 'SH0159','      ',NULL,NULL,'SYSTEM',SYSDATE,'SYSTEM',SYSDATE);
INSERT INTO DEV.SHOP (SHOP_NO,SHOP_NM,ADDR,TEL,REG_ID,REG_DTS,MOD_ID,MOD_DTS) VALUES ( 'SH0160','   տ    ',NULL,NULL,'SYSTEM',SYSDATE,'SYSTEM',SYSDATE);
INSERT INTO DEV.SHOP (SHOP_NO,SHOP_NM,ADDR,TEL,REG_ID,REG_DTS,MOD_ID,MOD_DTS) VALUES ( 'SH0161','     ',NULL,NULL,'SYSTEM',SYSDATE,'SYSTEM',SYSDATE);
INSERT INTO DEV.SHOP (SHOP_NO,SHOP_NM,ADDR,TEL,REG_ID,REG_DTS,MOD_ID,MOD_DTS) VALUES ( 'SH0162','        ',NULL,NULL,'SYSTEM',SYSDATE,'SYSTEM',SYSDATE);
INSERT INTO DEV.SHOP (SHOP_NO,SHOP_NM,ADDR,TEL,REG_ID,REG_DTS,MOD_ID,MOD_DTS) VALUES ( 'SH0163','  սʸ   ',NULL,NULL,'SYSTEM',SYSDATE,'SYSTEM',SYSDATE);
INSERT INTO DEV.SHOP (SHOP_NO,SHOP_NM,ADDR,TEL,REG_ID,REG_DTS,MOD_ID,MOD_DTS) VALUES ( 'SH0164','      ',NULL,NULL,'SYSTEM',SYSDATE,'SYSTEM',SYSDATE);
INSERT INTO DEV.SHOP (SHOP_NO,SHOP_NM,ADDR,TEL,REG_ID,REG_DTS,MOD_ID,MOD_DTS) VALUES ( 'SH0165','   ǳ     ',NULL,NULL,'SYSTEM',SYSDATE,'SYSTEM',SYSDATE);
INSERT INTO DEV.SHOP (SHOP_NO,SHOP_NM,ADDR,TEL,REG_ID,REG_DTS,MOD_ID,MOD_DTS) VALUES ( 'SH0166','      ',NULL,NULL,'SYSTEM',SYSDATE,'SYSTEM',SYSDATE);
INSERT INTO DEV.SHOP (SHOP_NO,SHOP_NM,ADDR,TEL,REG_ID,REG_DTS,MOD_ID,MOD_DTS) VALUES ( 'SH0167','        ',NULL,NULL,'SYSTEM',SYSDATE,'SYSTEM',SYSDATE);
INSERT INTO DEV.SHOP (SHOP_NO,SHOP_NM,ADDR,TEL,REG_ID,REG_DTS,MOD_ID,MOD_DTS) VALUES ( 'SH0168','      ',NULL,NULL,'SYSTEM',SYSDATE,'SYSTEM',SYSDATE);
INSERT INTO DEV.SHOP (SHOP_NO,SHOP_NM,ADDR,TEL,REG_ID,REG_DTS,MOD_ID,MOD_DTS) VALUES ( 'SH0169','      ',NULL,NULL,'SYSTEM',SYSDATE,'SYSTEM',SYSDATE);
INSERT INTO DEV.SHOP (SHOP_NO,SHOP_NM,ADDR,TEL,REG_ID,REG_DTS,MOD_ID,MOD_DTS) VALUES ( 'SH0170','  Ƽ  ',NULL,NULL,'SYSTEM',SYSDATE,'SYSTEM',SYSDATE);
INSERT INTO DEV.SHOP (SHOP_NO,SHOP_NM,ADDR,TEL,REG_ID,REG_DTS,MOD_ID,MOD_DTS) VALUES ( 'SH0171','      ',NULL,NULL,'SYSTEM',SYSDATE,'SYSTEM',SYSDATE);
INSERT INTO DEV.SHOP (SHOP_NO,SHOP_NM,ADDR,TEL,REG_ID,REG_DTS,MOD_ID,MOD_DTS) VALUES ( 'SH0172','      û  ',NULL,NULL,'SYSTEM',SYSDATE,'SYSTEM',SYSDATE);
INSERT INTO DEV.SHOP (SHOP_NO,SHOP_NM,ADDR,TEL,REG_ID,REG_DTS,MOD_ID,MOD_DTS) VALUES ( 'SH0173','      ',NULL,NULL,'SYSTEM',SYSDATE,'SYSTEM',SYSDATE);
INSERT INTO DEV.SHOP (SHOP_NO,SHOP_NM,ADDR,TEL,REG_ID,REG_DTS,MOD_ID,MOD_DTS) VALUES ( 'SH0174','      ',NULL,NULL,'SYSTEM',SYSDATE,'SYSTEM',SYSDATE);
INSERT INTO DEV.SHOP (SHOP_NO,SHOP_NM,ADDR,TEL,REG_ID,REG_DTS,MOD_ID,MOD_DTS) VALUES ( 'SH0175','      ',NULL,NULL,'SYSTEM',SYSDATE,'SYSTEM',SYSDATE);
INSERT INTO DEV.SHOP (SHOP_NO,SHOP_NM,ADDR,TEL,REG_ID,REG_DTS,MOD_ID,MOD_DTS) VALUES ( 'SH0176','    ',NULL,NULL,'SYSTEM',SYSDATE,'SYSTEM',SYSDATE);
INSERT INTO DEV.SHOP (SHOP_NO,SHOP_NM,ADDR,TEL,REG_ID,REG_DTS,MOD_ID,MOD_DTS) VALUES ( 'SH0177','     й̵   Ƽ  ',NULL,NULL,'SYSTEM',SYSDATE,'SYSTEM',SYSDATE);
INSERT INTO DEV.SHOP (SHOP_NO,SHOP_NM,ADDR,TEL,REG_ID,REG_DTS,MOD_ID,MOD_DTS) VALUES ( 'SH0178','ȭ      ',NULL,NULL,'SYSTEM',SYSDATE,'SYSTEM',SYSDATE);
INSERT INTO DEV.SHOP (SHOP_NO,SHOP_NM,ADDR,TEL,REG_ID,REG_DTS,MOD_ID,MOD_DTS) VALUES ( 'SH0179',' һ   ',NULL,NULL,'SYSTEM',SYSDATE,'SYSTEM',SYSDATE);
INSERT INTO DEV.SHOP (SHOP_NO,SHOP_NM,ADDR,TEL,REG_ID,REG_DTS,MOD_ID,MOD_DTS) VALUES ( 'SH0180','  õ    1 ͹̳   ',NULL,NULL,'SYSTEM',SYSDATE,'SYSTEM',SYSDATE);
INSERT INTO DEV.SHOP (SHOP_NO,SHOP_NM,ADDR,TEL,REG_ID,REG_DTS,MOD_ID,MOD_DTS) VALUES ( 'SH0181','      ',NULL,NULL,'SYSTEM',SYSDATE,'SYSTEM',SYSDATE);
INSERT INTO DEV.SHOP (SHOP_NO,SHOP_NM,ADDR,TEL,REG_ID,REG_DTS,MOD_ID,MOD_DTS) VALUES ( 'SH0182','      ',NULL,NULL,'SYSTEM',SYSDATE,'SYSTEM',SYSDATE);
INSERT INTO DEV.SHOP (SHOP_NO,SHOP_NM,ADDR,TEL,REG_ID,REG_DTS,MOD_ID,MOD_DTS) VALUES ( 'SH0183','      ',NULL,NULL,'SYSTEM',SYSDATE,'SYSTEM',SYSDATE);
INSERT INTO DEV.SHOP (SHOP_NO,SHOP_NM,ADDR,TEL,REG_ID,REG_DTS,MOD_ID,MOD_DTS) VALUES ( 'SH0184','     ',NULL,NULL,'SYSTEM',SYSDATE,'SYSTEM',SYSDATE);
INSERT INTO DEV.SHOP (SHOP_NO,SHOP_NM,ADDR,TEL,REG_ID,REG_DTS,MOD_ID,MOD_DTS) VALUES ( 'SH0185','      ',NULL,NULL,'SYSTEM',SYSDATE,'SYSTEM',SYSDATE);
INSERT INTO DEV.SHOP (SHOP_NO,SHOP_NM,ADDR,TEL,REG_ID,REG_DTS,MOD_ID,MOD_DTS) VALUES ( 'SH0186','      ',NULL,NULL,'SYSTEM',SYSDATE,'SYSTEM',SYSDATE);
INSERT INTO DEV.SHOP (SHOP_NO,SHOP_NM,ADDR,TEL,REG_ID,REG_DTS,MOD_ID,MOD_DTS) VALUES ( 'SH0187','       ',NULL,NULL,'SYSTEM',SYSDATE,'SYSTEM',SYSDATE);
INSERT INTO DEV.SHOP (SHOP_NO,SHOP_NM,ADDR,TEL,REG_ID,REG_DTS,MOD_ID,MOD_DTS) VALUES ( 'SH0188','      ',NULL,NULL,'SYSTEM',SYSDATE,'SYSTEM',SYSDATE);
INSERT INTO DEV.SHOP (SHOP_NO,SHOP_NM,ADDR,TEL,REG_ID,REG_DTS,MOD_ID,MOD_DTS) VALUES ( 'SH0189',' Ѿ    ',NULL,NULL,'SYSTEM',SYSDATE,'SYSTEM',SYSDATE);
INSERT INTO DEV.SHOP (SHOP_NO,SHOP_NM,ADDR,TEL,REG_ID,REG_DTS,MOD_ID,MOD_DTS) VALUES ( 'SH0190',' ܴ    ',NULL,NULL,'SYSTEM',SYSDATE,'SYSTEM',SYSDATE);
INSERT INTO DEV.SHOP (SHOP_NO,SHOP_NM,ADDR,TEL,REG_ID,REG_DTS,MOD_ID,MOD_DTS) VALUES ( 'SH0191','   ϵ   ',NULL,NULL,'SYSTEM',SYSDATE,'SYSTEM',SYSDATE);
INSERT INTO DEV.SHOP (SHOP_NO,SHOP_NM,ADDR,TEL,REG_ID,REG_DTS,MOD_ID,MOD_DTS) VALUES ( 'SH0192','      4    ',NULL,NULL,'SYSTEM',SYSDATE,'SYSTEM',SYSDATE);
INSERT INTO DEV.SHOP (SHOP_NO,SHOP_NM,ADDR,TEL,REG_ID,REG_DTS,MOD_ID,MOD_DTS) VALUES ( 'SH0193','  õ  û  ',NULL,NULL,'SYSTEM',SYSDATE,'SYSTEM',SYSDATE);
INSERT INTO DEV.SHOP (SHOP_NO,SHOP_NM,ADDR,TEL,REG_ID,REG_DTS,MOD_ID,MOD_DTS) VALUES ( 'SH0194','      ',NULL,NULL,'SYSTEM',SYSDATE,'SYSTEM',SYSDATE);
INSERT INTO DEV.SHOP (SHOP_NO,SHOP_NM,ADDR,TEL,REG_ID,REG_DTS,MOD_ID,MOD_DTS) VALUES ( 'SH0195','ȸ    ',NULL,NULL,'SYSTEM',SYSDATE,'SYSTEM',SYSDATE);
INSERT INTO DEV.SHOP (SHOP_NO,SHOP_NM,ADDR,TEL,REG_ID,REG_DTS,MOD_ID,MOD_DTS) VALUES ( 'SH0196','      ',NULL,NULL,'SYSTEM',SYSDATE,'SYSTEM',SYSDATE);
INSERT INTO DEV.SHOP (SHOP_NO,SHOP_NM,ADDR,TEL,REG_ID,REG_DTS,MOD_ID,MOD_DTS) VALUES ( 'SH0197','      ',NULL,NULL,'SYSTEM',SYSDATE,'SYSTEM',SYSDATE);
INSERT INTO DEV.SHOP (SHOP_NO,SHOP_NM,ADDR,TEL,REG_ID,REG_DTS,MOD_ID,MOD_DTS) VALUES ( 'SH0198','      ',NULL,NULL,'SYSTEM',SYSDATE,'SYSTEM',SYSDATE);
INSERT INTO DEV.SHOP (SHOP_NO,SHOP_NM,ADDR,TEL,REG_ID,REG_DTS,MOD_ID,MOD_DTS) VALUES ( 'SH0199','     Ա   ',NULL,NULL,'SYSTEM',SYSDATE,'SYSTEM',SYSDATE);
INSERT INTO DEV.SHOP (SHOP_NO,SHOP_NM,ADDR,TEL,REG_ID,REG_DTS,MOD_ID,MOD_DTS) VALUES ( 'SH0200','    û  ',NULL,NULL,'SYSTEM',SYSDATE,'SYSTEM',SYSDATE);

INSERT INTO DEV.COM_CD (UNI_CD,UNI_CD_NM,CL_UNI_CD,SEQ,CD_DESC,REG_ID,REG_DTS,MOD_ID,MOD_DTS) VALUES ( '100','  ǰ     ڵ ','M',NULL,NULL,'SYSTEM',SYSDATE,'SYSTEM',SYSDATE);
INSERT INTO DEV.COM_CD (UNI_CD,UNI_CD_NM,CL_UNI_CD,SEQ,CD_DESC,REG_ID,REG_DTS,MOD_ID,MOD_DTS) VALUES ( '100100','    ','100',NULL,NULL,'SYSTEM',SYSDATE,'SYSTEM',SYSDATE);
INSERT INTO DEV.COM_CD (UNI_CD,UNI_CD_NM,CL_UNI_CD,SEQ,CD_DESC,REG_ID,REG_DTS,MOD_ID,MOD_DTS) VALUES ( '100101','  Ʈ','100',NULL,NULL,'SYSTEM',SYSDATE,'SYSTEM',SYSDATE);
INSERT INTO DEV.COM_CD (UNI_CD,UNI_CD_NM,CL_UNI_CD,SEQ,CD_DESC,REG_ID,REG_DTS,MOD_ID,MOD_DTS) VALUES ( '100102','ġŲ','100',NULL,NULL,'SYSTEM',SYSDATE,'SYSTEM',SYSDATE);
INSERT INTO DEV.COM_CD (UNI_CD,UNI_CD_NM,CL_UNI_CD,SEQ,CD_DESC,REG_ID,REG_DTS,MOD_ID,MOD_DTS) VALUES ( '100103','    Ʈ','100',NULL,NULL,'SYSTEM',SYSDATE,'SYSTEM',SYSDATE);
INSERT INTO DEV.COM_CD (UNI_CD,UNI_CD_NM,CL_UNI_CD,SEQ,CD_DESC,REG_ID,REG_DTS,MOD_ID,MOD_DTS) VALUES ( '100104','   ̽ ũ  ','100',NULL,NULL,'SYSTEM',SYSDATE,'SYSTEM',SYSDATE);
INSERT INTO DEV.COM_CD (UNI_CD,UNI_CD_NM,CL_UNI_CD,SEQ,CD_DESC,REG_ID,REG_DTS,MOD_ID,MOD_DTS) VALUES ( '100105','    ','100',NULL,NULL,'SYSTEM',SYSDATE,'SYSTEM',SYSDATE);

COMMIT;

